sensor_id,device_id,machine_id,machine_name,machine_type,plant_name,area,line,mounting_location,orientation,sensor_type,upload_id,source,original_filename,observed_at,measured_at,created_at,rotation_speed_rpm,sample_count,channel_count,channel,feature_code,feature_name,value,unit,status,computed_at
f21a66ba-df6d-41b1-af1d-a0b637a39f2f,,CWP-001,Cooling Water Pump 1,Pump,Pune,Utilities,Cooling Water,Pump Casing,Horizontal,IEPE Accelerometer,f88e67ab-c35a-417b-b049-00cb49d58fe4,manual,sample_vibration_data.csv,2026-08-27T10:18:28.978184Z,,2026-08-27T10:18:28.978184Z,,8192,8,0,amplitude_1x,1X Amplitude,0.04488572,scaled_eng,critical,2026-08-27T10:18:29.774171
f21a66ba-df6d-41b1-af1d-a0b637a39f2f,,CWP-001,Cooling Water Pump 1,Pump,Pune,Utilities,Cooling Water,Pump Casing,Horizontal,IEPE Accelerometer,f88e67ab-c35a-417b-b049-00cb49d58fe4,manual,sample_vibration_data.csv,2026-08-27T10:18:28.978184Z,,2026-08-27T10:18:28.978184Z,,8192,8,0,amplitude_2x,2X Amplitude,0.01185733,scaled_eng,critical,2026-08-27T10:18:29.774171
f21a66ba-df6d-41b1-af1d-a0b637a39f2f,,CWP-001,Cooling Water Pump 1,Pump,Pune,Utilities,Cooling Water,Pump Casing,Horizontal,IEPE Accelerometer,f88e67ab-c35a-417b-b049-00cb49d58fe4,manual,sample_vibration_data.csv,2026-08-27T10:18:28.978184Z,,2026-08-27T10:18:28.978184Z,,8192,8,0,amplitude_3x,3X Amplitude,0.00491302,scaled_eng,warning,2026-08-27T10:18:29.774171
f21a66ba-df6d-41b1-af1d-a0b637a39f2f,,CWP-001,Cooling Water Pump 1,Pump,Pune,Utilities,Cooling Water,Pump Casing,Horizontal,IEPE Accelerometer,f88e67ab-c35a-417b-b049-00cb49d58fe4,manual,sample_vibration_data.csv,2026-08-27T10:18:28.978184Z,,2026-08-27T10:18:28.978184Z,,8192,8,0,crest_factor,Crest Factor,2.29151515,dimensionless,normal,2026-08-27T10:18:29.774171
f21a66ba-df6d-41b1-af1d-a0b637a39f2f,,CWP-001,Cooling Water Pump 1,Pump,Pune,Utilities,Cooling Water,Pump Casing,Horizontal,IEPE Accelerometer,f88e67ab-c35a-417b-b049-00cb49d58fe4,manual,sample_vibration_data.csv,2026-08-27T10:18:28.978184Z,,2026-08-27T10:18:28.978184Z,,8192,8,0,envelope_rms,Envelope RMS,0.04934856,scaled_eng,no_baseline,2026-08-27T10:18:29.774171
f21a66ba-df6d-41b1-af1d-a0b637a39f2f,,CWP-001,Cooling Water Pump 1,Pump,Pune,Utilities,Cooling Water,Pump Casing,Horizontal,IEPE Accelerometer,f88e67ab-c35a-417b-b049-00cb49d58fe4,manual,sample_vibration_data.csv,2026-08-27T10:18:28.978184Z,,2026-08-27T10:18:28.978184Z,,8192,8,0,fft_band_energy_0_500,FFT Band Energy (0-500 Hz),0.00339314,scaled_eng_sq,no_baseline,2026-08-27T10:18:29.774171
f21a66ba-df6d-41b1-af1d-a0b637a39f2f,,CWP-001,Cooling Water Pump 1,Pump,Pune,Utilities,Cooling Water,Pump Casing,Horizontal,IEPE Accelerometer,f88e67ab-c35a-417b-b049-00cb49d58fe4,manual,sample_vibration_data.csv,2026-08-27T10:18:28.978184Z,,2026-08-27T10:18:28.978184Z,,8192,8,0,kurtosis,Kurtosis,-1.16021493,dimensionless,normal,2026-08-27T10:18:29.774171
f21a66ba-df6d-41b1-af1d-a0b637a39f2f,,CWP-001,Cooling Water Pump 1,Pump,Pune,Utilities,Cooling Water,Pump Casing,Horizontal,IEPE Accelerometer,f88e67ab-c35a-417b-b049-00cb49d58fe4,manual,sample_vibration_data.csv,2026-08-27T10:18:28.978184Z,,2026-08-27T10:18:28.978184Z,,8192,8,0,noise_floor,Noise Floor,-71.2826022,dB,normal,2026-08-27T10:18:29.774171
f21a66ba-df6d-41b1-af1d-a0b637a39f2f,,CWP-001,Cooling Water Pump 1,Pump,Pune,Utilities,Cooling Water,Pump Casing,Horizontal,IEPE Accelerometer,f88e67ab-c35a-417b-b049-00cb49d58fe4,manual,sample_vibration_data.csv,2026-08-27T10:18:28.978184Z,,2026-08-27T10:18:28.978184Z,,8192,8,0,peak,Peak,0.08,scaled_eng,warning,2026-08-27T10:18:29.774171
f21a66ba-df6d-41b1-af1d-a0b637a39f2f,,CWP-001,Cooling Water Pump 1,Pump,Pune,Utilities,Cooling Water,Pump Casing,Horizontal,IEPE Accelerometer,f88e67ab-c35a-417b-b049-00cb49d58fe4,manual,sample_vibration_data.csv,2026-08-27T10:18:28.978184Z,,2026-08-27T10:18:28.978184Z,,8192,8,0,rms,RMS,0.0349114,scaled_eng,critical,2026-08-27T10:18:29.774171
f21a66ba-df6d-41b1-af1d-a0b637a39f2f,,CWP-001,Cooling Water Pump 1,Pump,Pune,Utilities,Cooling Water,Pump Casing,Horizontal,IEPE Accelerometer,f88e67ab-c35a-417b-b049-00cb49d58fe4,manual,sample_vibration_data.csv,2026-08-27T10:18:28.978184Z,,2026-08-27T10:18:28.978184Z,,8192,8,1,amplitude_1x,1X Amplitude,0.02965913,scaled_eng,critical,2026-08-27T10:18:29.774171
f21a66ba-df6d-41b1-af1d-a0b637a39f2f,,CWP-001,Cooling Water Pump 1,Pump,Pune,Utilities,Cooling Water,Pump Casing,Horizontal,IEPE Accelerometer,f88e67ab-c35a-417b-b049-00cb49d58fe4,manual,sample_vibration_data.csv,2026-08-27T10:18:28.978184Z,,2026-08-27T10:18:28.978184Z,,8192,8,1,amplitude_2x,2X Amplitude,0.00805613,scaled_eng,critical,2026-08-27T10:18:29.774171
f21a66ba-df6d-41b1-af1d-a0b637a39f2f,,CWP-001,Cooling Water Pump 1,Pump,Pune,Utilities,Cooling Water,Pump Casing,Horizontal,IEPE Accelerometer,f88e67ab-c35a-417b-b049-00cb49d58fe4,manual,sample_vibration_data.csv,2026-08-27T10:18:28.978184Z,,2026-08-27T10:18:28.978184Z,,8192,8,1,amplitude_3x,3X Amplitude,0.00025199,scaled_eng,normal,2026-08-27T10:18:29.774171
f21a66ba-df6d-41b1-af1d-a0b637a39f2f,,CWP-001,Cooling Water Pump 1,Pump,Pune,Utilities,Cooling Water,Pump Casing,Horizontal,IEPE Accelerometer,f88e67ab-c35a-417b-b049-00cb49d58fe4,manual,sample_vibration_data.csv,2026-08-27T10:18:28.978184Z,,2026-08-27T10:18:28.978184Z,,8192,8,1,crest_factor,Crest Factor,2.88854849,dimensionless,normal,2026-08-27T10:18:29.774171
f21a66ba-df6d-41b1-af1d-a0b637a39f2f,,CWP-001,Cooling Water Pump 1,Pump,Pune,Utilities,Cooling Water,Pump Casing,Horizontal,IEPE Accelerometer,f88e67ab-c35a-417b-b049-00cb49d58fe4,manual,sample_vibration_data.csv,2026-08-27T10:18:28.978184Z,,2026-08-27T10:18:28.978184Z,,8192,8,1,envelope_rms,Envelope RMS,0.03397816,scaled_eng,no_baseline,2026-08-27T10:18:29.774171
f21a66ba-df6d-41b1-af1d-a0b637a39f2f,,CWP-001,Cooling Water Pump 1,Pump,Pune,Utilities,Cooling Water,Pump Casing,Horizontal,IEPE Accelerometer,f88e67ab-c35a-417b-b049-00cb49d58fe4,manual,sample_vibration_data.csv,2026-08-27T10:18:28.978184Z,,2026-08-27T10:18:28.978184Z,,8192,8,1,fft_band_energy_0_500,FFT Band Energy (0-500 Hz),0.00148846,scaled_eng_sq,no_baseline,2026-08-27T10:18:29.774171
f21a66ba-df6d-41b1-af1d-a0b637a39f2f,,CWP-001,Cooling Water Pump 1,Pump,Pune,Utilities,Cooling Water,Pump Casing,Horizontal,IEPE Accelerometer,f88e67ab-c35a-417b-b049-00cb49d58fe4,manual,sample_vibration_data.csv,2026-08-27T10:18:28.978184Z,,2026-08-27T10:18:28.978184Z,,8192,8,1,kurtosis,Kurtosis,-0.75106183,dimensionless,normal,2026-08-27T10:18:29.774171
f21a66ba-df6d-41b1-af1d-a0b637a39f2f,,CWP-001,Cooling Water Pump 1,Pump,Pune,Utilities,Cooling Water,Pump Casing,Horizontal,IEPE Accelerometer,f88e67ab-c35a-417b-b049-00cb49d58fe4,manual,sample_vibration_data.csv,2026-08-27T10:18:28.978184Z,,2026-08-27T10:18:28.978184Z,,8192,8,1,noise_floor,Noise Floor,-72.45560057,dB,normal,2026-08-27T10:18:29.774171
f21a66ba-df6d-41b1-af1d-a0b637a39f2f,,CWP-001,Cooling Water Pump 1,Pump,Pune,Utilities,Cooling Water,Pump Casing,Horizontal,IEPE Accelerometer,f88e67ab-c35a-417b-b049-00cb49d58fe4,manual,sample_vibration_data.csv,2026-08-27T10:18:28.978184Z,,2026-08-27T10:18:28.978184Z,,8192,8,1,peak,Peak,0.069426,scaled_eng,warning,2026-08-27T10:18:29.774171
f21a66ba-df6d-41b1-af1d-a0b637a39f2f,,CWP-001,Cooling Water Pump 1,Pump,Pune,Utilities,Cooling Water,Pump Casing,Horizontal,IEPE Accelerometer,f88e67ab-c35a-417b-b049-00cb49d58fe4,manual,sample_vibration_data.csv,2026-08-27T10:18:28.978184Z,,2026-08-27T10:18:28.978184Z,,8192,8,1,rms,RMS,0.02403491,scaled_eng,critical,2026-08-27T10:18:29.774171
f21a66ba-df6d-41b1-af1d-a0b637a39f2f,,CWP-001,Cooling Water Pump 1,Pump,Pune,Utilities,Cooling Water,Pump Casing,Horizontal,IEPE Accelerometer,f88e67ab-c35a-417b-b049-00cb49d58fe4,manual,sample_vibration_data.csv,2026-08-27T10:18:28.978184Z,,2026-08-27T10:18:28.978184Z,,8192,8,2,amplitude_1x,1X Amplitude,0.42007803,scaled_eng,critical,2026-08-27T10:18:29.774171
f21a66ba-df6d-41b1-af1d-a0b637a39f2f,,CWP-001,Cooling Water Pump 1,Pump,Pune,Utilities,Cooling Water,Pump Casing,Horizontal,IEPE Accelerometer,f88e67ab-c35a-417b-b049-00cb49d58fe4,manual,sample_vibration_data.csv,2026-08-27T10:18:28.978184Z,,2026-08-27T10:18:28.978184Z,,8192,8,2,amplitude_2x,2X Amplitude,0.05012345,scaled_eng,warning,2026-08-27T10:18:29.774171
f21a66ba-df6d-41b1-af1d-a0b637a39f2f,,CWP-001,Cooling Water Pump 1,Pump,Pune,Utilities,Cooling Water,Pump Casing,Horizontal,IEPE Accelerometer,f88e67ab-c35a-417b-b049-00cb49d58fe4,manual,sample_vibration_data.csv,2026-08-27T10:18:28.978184Z,,2026-08-27T10:18:28.978184Z,,8192,8,2,amplitude_3x,3X Amplitude,0.02006289,scaled_eng,warning,2026-08-27T10:18:29.774171
f21a66ba-df6d-41b1-af1d-a0b637a39f2f,,CWP-001,Cooling Water Pump 1,Pump,Pune,Utilities,Cooling Water,Pump Casing,Horizontal,IEPE Accelerometer,f88e67ab-c35a-417b-b049-00cb49d58fe4,manual,sample_vibration_data.csv,2026-08-27T10:18:28.978184Z,,2026-08-27T10:18:28.978184Z,,8192,8,2,crest_factor,Crest Factor,1.65138368,dimensionless,normal,2026-08-27T10:18:29.774171
f21a66ba-df6d-41b1-af1d-a0b637a39f2f,,CWP-001,Cooling Water Pump 1,Pump,Pune,Utilities,Cooling Water,Pump Casing,Horizontal,IEPE Accelerometer,f88e67ab-c35a-417b-b049-00cb49d58fe4,manual,sample_vibration_data.csv,2026-08-27T10:18:28.978184Z,,2026-08-27T10:18:28.978184Z,,8192,8,2,envelope_rms,Envelope RMS,0.42372655,scaled_eng,no_baseline,2026-08-27T10:18:29.774171
f21a66ba-df6d-41b1-af1d-a0b637a39f2f,,CWP-001,Cooling Water Pump 1,Pump,Pune,Utilities,Cooling Water,Pump Casing,Horizontal,IEPE Accelerometer,f88e67ab-c35a-417b-b049-00cb49d58fe4,manual,sample_vibration_data.csv,2026-08-27T10:18:28.978184Z,,2026-08-27T10:18:28.978184Z,,8192,8,2,fft_band_energy_0_500,FFT Band Energy (0-500 Hz),0.26905098,scaled_eng_sq,no_baseline,2026-08-27T10:18:29.774171
f21a66ba-df6d-41b1-af1d-a0b637a39f2f,,CWP-001,Cooling Water Pump 1,Pump,Pune,Utilities,Cooling Water,Pump Casing,Horizontal,IEPE Accelerometer,f88e67ab-c35a-417b-b049-00cb49d58fe4,manual,sample_vibration_data.csv,2026-08-27T10:18:28.978184Z,,2026-08-27T10:18:28.978184Z,,8192,8,2,kurtosis,Kurtosis,-1.43945141,dimensionless,normal,2026-08-27T10:18:29.774171
f21a66ba-df6d-41b1-af1d-a0b637a39f2f,,CWP-001,Cooling Water Pump 1,Pump,Pune,Utilities,Cooling Water,Pump Casing,Horizontal,IEPE Accelerometer,f88e67ab-c35a-417b-b049-00cb49d58fe4,manual,sample_vibration_data.csv,2026-08-27T10:18:28.978184Z,,2026-08-27T10:18:28.978184Z,,8192,8,2,noise_floor,Noise Floor,-65.61354599,dB,normal,2026-08-27T10:18:29.774171
f21a66ba-df6d-41b1-af1d-a0b637a39f2f,,CWP-001,Cooling Water Pump 1,Pump,Pune,Utilities,Cooling Water,Pump Casing,Horizontal,IEPE Accelerometer,f88e67ab-c35a-417b-b049-00cb49d58fe4,manual,sample_vibration_data.csv,2026-08-27T10:18:28.978184Z,,2026-08-27T10:18:28.978184Z,,8192,8,2,peak,Peak,0.494795,scaled_eng,critical,2026-08-27T10:18:29.774171
f21a66ba-df6d-41b1-af1d-a0b637a39f2f,,CWP-001,Cooling Water Pump 1,Pump,Pune,Utilities,Cooling Water,Pump Casing,Horizontal,IEPE Accelerometer,f88e67ab-c35a-417b-b049-00cb49d58fe4,manual,sample_vibration_data.csv,2026-08-27T10:18:28.978184Z,,2026-08-27T10:18:28.978184Z,,8192,8,2,rms,RMS,0.2996245,scaled_eng,critical,2026-08-27T10:18:29.774171
f21a66ba-df6d-41b1-af1d-a0b637a39f2f,,CWP-001,Cooling Water Pump 1,Pump,Pune,Utilities,Cooling Water,Pump Casing,Horizontal,IEPE Accelerometer,f88e67ab-c35a-417b-b049-00cb49d58fe4,manual,sample_vibration_data.csv,2026-08-27T10:18:28.978184Z,,2026-08-27T10:18:28.978184Z,,8192,8,3,amplitude_1x,1X Amplitude,0.55056391,scaled_eng,critical,2026-08-27T10:18:29.774171
f21a66ba-df6d-41b1-af1d-a0b637a39f2f,,CWP-001,Cooling Water Pump 1,Pump,Pune,Utilities,Cooling Water,Pump Casing,Horizontal,IEPE Accelerometer,f88e67ab-c35a-417b-b049-00cb49d58fe4,manual,sample_vibration_data.csv,2026-08-27T10:18:28.978184Z,,2026-08-27T10:18:28.978184Z,,8192,8,3,amplitude_2x,2X Amplitude,0.03958953,scaled_eng,normal,2026-08-27T10:18:29.774171
f21a66ba-df6d-41b1-af1d-a0b637a39f2f,,CWP-001,Cooling Water Pump 1,Pump,Pune,Utilities,Cooling Water,Pump Casing,Horizontal,IEPE Accelerometer,f88e67ab-c35a-417b-b049-00cb49d58fe4,manual,sample_vibration_data.csv,2026-08-27T10:18:28.978184Z,,2026-08-27T10:18:28.978184Z,,8192,8,3,amplitude_3x,3X Amplitude,0.00028449,scaled_eng,normal,2026-08-27T10:18:29.774171
f21a66ba-df6d-41b1-af1d-a0b637a39f2f,,CWP-001,Cooling Water Pump 1,Pump,Pune,Utilities,Cooling Water,Pump Casing,Horizontal,IEPE Accelerometer,f88e67ab-c35a-417b-b049-00cb49d58fe4,manual,sample_vibration_data.csv,2026-08-27T10:18:28.978184Z,,2026-08-27T10:18:28.978184Z,,8192,8,3,crest_factor,Crest Factor,2.01172949,dimensionless,normal,2026-08-27T10:18:29.774171
f21a66ba-df6d-41b1-af1d-a0b637a39f2f,,CWP-001,Cooling Water Pump 1,Pump,Pune,Utilities,Cooling Water,Pump Casing,Horizontal,IEPE Accelerometer,f88e67ab-c35a-417b-b049-00cb49d58fe4,manual,sample_vibration_data.csv,2026-08-27T10:18:28.978184Z,,2026-08-27T10:18:28.978184Z,,8192,8,3,envelope_rms,Envelope RMS,0.59974793,scaled_eng,no_baseline,2026-08-27T10:18:29.774171
f21a66ba-df6d-41b1-af1d-a0b637a39f2f,,CWP-001,Cooling Water Pump 1,Pump,Pune,Utilities,Cooling Water,Pump Casing,Horizontal,IEPE Accelerometer,f88e67ab-c35a-417b-b049-00cb49d58fe4,manual,sample_vibration_data.csv,2026-08-27T10:18:28.978184Z,,2026-08-27T10:18:28.978184Z,,8192,8,3,fft_band_energy_0_500,FFT Band Energy (0-500 Hz),0.53937693,scaled_eng_sq,no_baseline,2026-08-27T10:18:29.774171
f21a66ba-df6d-41b1-af1d-a0b637a39f2f,,CWP-001,Cooling Water Pump 1,Pump,Pune,Utilities,Cooling Water,Pump Casing,Horizontal,IEPE Accelerometer,f88e67ab-c35a-417b-b049-00cb49d58fe4,manual,sample_vibration_data.csv,2026-08-27T10:18:28.978184Z,,2026-08-27T10:18:28.978184Z,,8192,8,3,kurtosis,Kurtosis,-1.20569502,dimensionless,normal,2026-08-27T10:18:29.774171
f21a66ba-df6d-41b1-af1d-a0b637a39f2f,,CWP-001,Cooling Water Pump 1,Pump,Pune,Utilities,Cooling Water,Pump Casing,Horizontal,IEPE Accelerometer,f88e67ab-c35a-417b-b049-00cb49d58fe4,manual,sample_vibration_data.csv,2026-08-27T10:18:28.978184Z,,2026-08-27T10:18:28.978184Z,,8192,8,3,noise_floor,Noise Floor,-61.77271579,dB,normal,2026-08-27T10:18:29.774171
f21a66ba-df6d-41b1-af1d-a0b637a39f2f,,CWP-001,Cooling Water Pump 1,Pump,Pune,Utilities,Cooling Water,Pump Casing,Horizontal,IEPE Accelerometer,f88e67ab-c35a-417b-b049-00cb49d58fe4,manual,sample_vibration_data.csv,2026-08-27T10:18:28.978184Z,,2026-08-27T10:18:28.978184Z,,8192,8,3,peak,Peak,0.853154,scaled_eng,critical,2026-08-27T10:18:29.774171
f21a66ba-df6d-41b1-af1d-a0b637a39f2f,,CWP-001,Cooling Water Pump 1,Pump,Pune,Utilities,Cooling Water,Pump Casing,Horizontal,IEPE Accelerometer,f88e67ab-c35a-417b-b049-00cb49d58fe4,manual,sample_vibration_data.csv,2026-08-27T10:18:28.978184Z,,2026-08-27T10:18:28.978184Z,,8192,8,3,rms,RMS,0.42408982,scaled_eng,critical,2026-08-27T10:18:29.774171
f21a66ba-df6d-41b1-af1d-a0b637a39f2f,,CWP-001,Cooling Water Pump 1,Pump,Pune,Utilities,Cooling Water,Pump Casing,Horizontal,IEPE Accelerometer,f88e67ab-c35a-417b-b049-00cb49d58fe4,manual,sample_vibration_data.csv,2026-08-27T10:18:28.978184Z,,2026-08-27T10:18:28.978184Z,,8192,8,4,amplitude_1x,1X Amplitude,0.05874937,scaled_eng,warning,2026-08-27T10:18:29.774171
f21a66ba-df6d-41b1-af1d-a0b637a39f2f,,CWP-001,Cooling Water Pump 1,Pump,Pune,Utilities,Cooling Water,Pump Casing,Horizontal,IEPE Accelerometer,f88e67ab-c35a-417b-b049-00cb49d58fe4,manual,sample_vibration_data.csv,2026-08-27T10:18:28.978184Z,,2026-08-27T10:18:28.978184Z,,8192,8,4,amplitude_2x,2X Amplitude,0.02452167,scaled_eng,warning,2026-08-27T10:18:29.774171
f21a66ba-df6d-41b1-af1d-a0b637a39f2f,,CWP-001,Cooling Water Pump 1,Pump,Pune,Utilities,Cooling Water,Pump Casing,Horizontal,IEPE Accelerometer,f88e67ab-c35a-417b-b049-00cb49d58fe4,manual,sample_vibration_data.csv,2026-08-27T10:18:28.978184Z,,2026-08-27T10:18:28.978184Z,,8192,8,4,amplitude_3x,3X Amplitude,0.00031264,scaled_eng,normal,2026-08-27T10:18:29.774171
f21a66ba-df6d-41b1-af1d-a0b637a39f2f,,CWP-001,Cooling Water Pump 1,Pump,Pune,Utilities,Cooling Water,Pump Casing,Horizontal,IEPE Accelerometer,f88e67ab-c35a-417b-b049-00cb49d58fe4,manual,sample_vibration_data.csv,2026-08-27T10:18:28.978184Z,,2026-08-27T10:18:28.978184Z,,8192,8,4,crest_factor,Crest Factor,5.93089109,dimensionless,critical,2026-08-27T10:18:29.774171
f21a66ba-df6d-41b1-af1d-a0b637a39f2f,,CWP-001,Cooling Water Pump 1,Pump,Pune,Utilities,Cooling Water,Pump Casing,Horizontal,IEPE Accelerometer,f88e67ab-c35a-417b-b049-00cb49d58fe4,manual,sample_vibration_data.csv,2026-08-27T10:18:28.978184Z,,2026-08-27T10:18:28.978184Z,,8192,8,4,envelope_rms,Envelope RMS,0.28907629,scaled_eng,no_baseline,2026-08-27T10:18:29.774171
f21a66ba-df6d-41b1-af1d-a0b637a39f2f,,CWP-001,Cooling Water Pump 1,Pump,Pune,Utilities,Cooling Water,Pump Casing,Horizontal,IEPE Accelerometer,f88e67ab-c35a-417b-b049-00cb49d58fe4,manual,sample_vibration_data.csv,2026-08-27T10:18:28.978184Z,,2026-08-27T10:18:28.978184Z,,8192,8,4,fft_band_energy_0_500,FFT Band Energy (0-500 Hz),0.0067375,scaled_eng_sq,no_baseline,2026-08-27T10:18:29.774171
f21a66ba-df6d-41b1-af1d-a0b637a39f2f,,CWP-001,Cooling Water Pump 1,Pump,Pune,Utilities,Cooling Water,Pump Casing,Horizontal,IEPE Accelerometer,f88e67ab-c35a-417b-b049-00cb49d58fe4,manual,sample_vibration_data.csv,2026-08-27T10:18:28.978184Z,,2026-08-27T10:18:28.978184Z,,8192,8,4,kurtosis,Kurtosis,9.58422838,dimensionless,critical,2026-08-27T10:18:29.774171
f21a66ba-df6d-41b1-af1d-a0b637a39f2f,,CWP-001,Cooling Water Pump 1,Pump,Pune,Utilities,Cooling Water,Pump Casing,Horizontal,IEPE Accelerometer,f88e67ab-c35a-417b-b049-00cb49d58fe4,manual,sample_vibration_data.csv,2026-08-27T10:18:28.978184Z,,2026-08-27T10:18:28.978184Z,,8192,8,4,noise_floor,Noise Floor,-51.48186277,dB,critical,2026-08-27T10:18:29.774171
f21a66ba-df6d-41b1-af1d-a0b637a39f2f,,CWP-001,Cooling Water Pump 1,Pump,Pune,Utilities,Cooling Water,Pump Casing,Horizontal,IEPE Accelerometer,f88e67ab-c35a-417b-b049-00cb49d58fe4,manual,sample_vibration_data.csv,2026-08-27T10:18:28.978184Z,,2026-08-27T10:18:28.978184Z,,8192,8,4,peak,Peak,1.212514,scaled_eng,critical,2026-08-27T10:18:29.774171
f21a66ba-df6d-41b1-af1d-a0b637a39f2f,,CWP-001,Cooling Water Pump 1,Pump,Pune,Utilities,Cooling Water,Pump Casing,Horizontal,IEPE Accelerometer,f88e67ab-c35a-417b-b049-00cb49d58fe4,manual,sample_vibration_data.csv,2026-08-27T10:18:28.978184Z,,2026-08-27T10:18:28.978184Z,,8192,8,4,rms,RMS,0.20444044,scaled_eng,critical,2026-08-27T10:18:29.774171
f21a66ba-df6d-41b1-af1d-a0b637a39f2f,,CWP-001,Cooling Water Pump 1,Pump,Pune,Utilities,Cooling Water,Pump Casing,Horizontal,IEPE Accelerometer,f88e67ab-c35a-417b-b049-00cb49d58fe4,manual,sample_vibration_data.csv,2026-08-27T10:18:28.978184Z,,2026-08-27T10:18:28.978184Z,,8192,8,5,amplitude_1x,1X Amplitude,0.30075571,scaled_eng,critical,2026-08-27T10:18:29.774171
f21a66ba-df6d-41b1-af1d-a0b637a39f2f,,CWP-001,Cooling Water Pump 1,Pump,Pune,Utilities,Cooling Water,Pump Casing,Horizontal,IEPE Accelerometer,f88e67ab-c35a-417b-b049-00cb49d58fe4,manual,sample_vibration_data.csv,2026-08-27T10:18:28.978184Z,,2026-08-27T10:18:28.978184Z,,8192,8,5,amplitude_2x,2X Amplitude,0.21961646,scaled_eng,critical,2026-08-27T10:18:29.774171
f21a66ba-df6d-41b1-af1d-a0b637a39f2f,,CWP-001,Cooling Water Pump 1,Pump,Pune,Utilities,Cooling Water,Pump Casing,Horizontal,IEPE Accelerometer,f88e67ab-c35a-417b-b049-00cb49d58fe4,manual,sample_vibration_data.csv,2026-08-27T10:18:28.978184Z,,2026-08-27T10:18:28.978184Z,,8192,8,5,amplitude_3x,3X Amplitude,0.18028326,scaled_eng,critical,2026-08-27T10:18:29.774171
f21a66ba-df6d-41b1-af1d-a0b637a39f2f,,CWP-001,Cooling Water Pump 1,Pump,Pune,Utilities,Cooling Water,Pump Casing,Horizontal,IEPE Accelerometer,f88e67ab-c35a-417b-b049-00cb49d58fe4,manual,sample_vibration_data.csv,2026-08-27T10:18:28.978184Z,,2026-08-27T10:18:28.978184Z,,8192,8,5,crest_factor,Crest Factor,2.86661786,dimensionless,normal,2026-08-27T10:18:29.774171
f21a66ba-df6d-41b1-af1d-a0b637a39f2f,,CWP-001,Cooling Water Pump 1,Pump,Pune,Utilities,Cooling Water,Pump Casing,Horizontal,IEPE Accelerometer,f88e67ab-c35a-417b-b049-00cb49d58fe4,manual,sample_vibration_data.csv,2026-08-27T10:18:28.978184Z,,2026-08-27T10:18:28.978184Z,,8192,8,5,envelope_rms,Envelope RMS,0.46830712,scaled_eng,no_baseline,2026-08-27T10:18:29.774171
f21a66ba-df6d-41b1-af1d-a0b637a39f2f,,CWP-001,Cooling Water Pump 1,Pump,Pune,Utilities,Cooling Water,Pump Casing,Horizontal,IEPE Accelerometer,f88e67ab-c35a-417b-b049-00cb49d58fe4,manual,sample_vibration_data.csv,2026-08-27T10:18:28.978184Z,,2026-08-27T10:18:28.978184Z,,8192,8,5,fft_band_energy_0_500,FFT Band Energy (0-500 Hz),0.3255508,scaled_eng_sq,no_baseline,2026-08-27T10:18:29.774171
f21a66ba-df6d-41b1-af1d-a0b637a39f2f,,CWP-001,Cooling Water Pump 1,Pump,Pune,Utilities,Cooling Water,Pump Casing,Horizontal,IEPE Accelerometer,f88e67ab-c35a-417b-b049-00cb49d58fe4,manual,sample_vibration_data.csv,2026-08-27T10:18:28.978184Z,,2026-08-27T10:18:28.978184Z,,8192,8,5,kurtosis,Kurtosis,-0.02359987,dimensionless,normal,2026-08-27T10:18:29.774171
f21a66ba-df6d-41b1-af1d-a0b637a39f2f,,CWP-001,Cooling Water Pump 1,Pump,Pune,Utilities,Cooling Water,Pump Casing,Horizontal,IEPE Accelerometer,f88e67ab-c35a-417b-b049-00cb49d58fe4,manual,sample_vibration_data.csv,2026-08-27T10:18:28.978184Z,,2026-08-27T10:18:28.978184Z,,8192,8,5,noise_floor,Noise Floor,-57.79082383,dB,warning,2026-08-27T10:18:29.774171
f21a66ba-df6d-41b1-af1d-a0b637a39f2f,,CWP-001,Cooling Water Pump 1,Pump,Pune,Utilities,Cooling Water,Pump Casing,Horizontal,IEPE Accelerometer,f88e67ab-c35a-417b-b049-00cb49d58fe4,manual,sample_vibration_data.csv,2026-08-27T10:18:28.978184Z,,2026-08-27T10:18:28.978184Z,,8192,8,5,peak,Peak,0.949269,scaled_eng,critical,2026-08-27T10:18:29.774171
f21a66ba-df6d-41b1-af1d-a0b637a39f2f,,CWP-001,Cooling Water Pump 1,Pump,Pune,Utilities,Cooling Water,Pump Casing,Horizontal,IEPE Accelerometer,f88e67ab-c35a-417b-b049-00cb49d58fe4,manual,sample_vibration_data.csv,2026-08-27T10:18:28.978184Z,,2026-08-27T10:18:28.978184Z,,8192,8,5,rms,RMS,0.33114599,scaled_eng,critical,2026-08-27T10:18:29.774171
f21a66ba-df6d-41b1-af1d-a0b637a39f2f,,CWP-001,Cooling Water Pump 1,Pump,Pune,Utilities,Cooling Water,Pump Casing,Horizontal,IEPE Accelerometer,f88e67ab-c35a-417b-b049-00cb49d58fe4,manual,sample_vibration_data.csv,2026-08-27T10:18:28.978184Z,,2026-08-27T10:18:28.978184Z,,8192,8,6,amplitude_1x,1X Amplitude,0.04933484,scaled_eng,critical,2026-08-27T10:18:29.774171
f21a66ba-df6d-41b1-af1d-a0b637a39f2f,,CWP-001,Cooling Water Pump 1,Pump,Pune,Utilities,Cooling Water,Pump Casing,Horizontal,IEPE Accelerometer,f88e67ab-c35a-417b-b049-00cb49d58fe4,manual,sample_vibration_data.csv,2026-08-27T10:18:28.978184Z,,2026-08-27T10:18:28.978184Z,,8192,8,6,amplitude_2x,2X Amplitude,0.01934578,scaled_eng,critical,2026-08-27T10:18:29.774171
f21a66ba-df6d-41b1-af1d-a0b637a39f2f,,CWP-001,Cooling Water Pump 1,Pump,Pune,Utilities,Cooling Water,Pump Casing,Horizontal,IEPE Accelerometer,f88e67ab-c35a-417b-b049-00cb49d58fe4,manual,sample_vibration_data.csv,2026-08-27T10:18:28.978184Z,,2026-08-27T10:18:28.978184Z,,8192,8,6,amplitude_3x,3X Amplitude,0.00068803,scaled_eng,normal,2026-08-27T10:18:29.774171
f21a66ba-df6d-41b1-af1d-a0b637a39f2f,,CWP-001,Cooling Water Pump 1,Pump,Pune,Utilities,Cooling Water,Pump Casing,Horizontal,IEPE Accelerometer,f88e67ab-c35a-417b-b049-00cb49d58fe4,manual,sample_vibration_data.csv,2026-08-27T10:18:28.978184Z,,2026-08-27T10:18:28.978184Z,,8192,8,6,crest_factor,Crest Factor,5.07418346,dimensionless,critical,2026-08-27T10:18:29.774171
f21a66ba-df6d-41b1-af1d-a0b637a39f2f,,CWP-001,Cooling Water Pump 1,Pump,Pune,Utilities,Cooling Water,Pump Casing,Horizontal,IEPE Accelerometer,f88e67ab-c35a-417b-b049-00cb49d58fe4,manual,sample_vibration_data.csv,2026-08-27T10:18:28.978184Z,,2026-08-27T10:18:28.978184Z,,8192,8,6,envelope_rms,Envelope RMS,0.07213275,scaled_eng,no_baseline,2026-08-27T10:18:29.774171
f21a66ba-df6d-41b1-af1d-a0b637a39f2f,,CWP-001,Cooling Water Pump 1,Pump,Pune,Utilities,Cooling Water,Pump Casing,Horizontal,IEPE Accelerometer,f88e67ab-c35a-417b-b049-00cb49d58fe4,manual,sample_vibration_data.csv,2026-08-27T10:18:28.978184Z,,2026-08-27T10:18:28.978184Z,,8192,8,6,fft_band_energy_0_500,FFT Band Energy (0-500 Hz),0.00426862,scaled_eng_sq,no_baseline,2026-08-27T10:18:29.774171
f21a66ba-df6d-41b1-af1d-a0b637a39f2f,,CWP-001,Cooling Water Pump 1,Pump,Pune,Utilities,Cooling Water,Pump Casing,Horizontal,IEPE Accelerometer,f88e67ab-c35a-417b-b049-00cb49d58fe4,manual,sample_vibration_data.csv,2026-08-27T10:18:28.978184Z,,2026-08-27T10:18:28.978184Z,,8192,8,6,kurtosis,Kurtosis,1.25489368,dimensionless,normal,2026-08-27T10:18:29.774171
f21a66ba-df6d-41b1-af1d-a0b637a39f2f,,CWP-001,Cooling Water Pump 1,Pump,Pune,Utilities,Cooling Water,Pump Casing,Horizontal,IEPE Accelerometer,f88e67ab-c35a-417b-b049-00cb49d58fe4,manual,sample_vibration_data.csv,2026-08-27T10:18:28.978184Z,,2026-08-27T10:18:28.978184Z,,8192,8,6,noise_floor,Noise Floor,-63.26953027,dB,normal,2026-08-27T10:18:29.774171
f21a66ba-df6d-41b1-af1d-a0b637a39f2f,,CWP-001,Cooling Water Pump 1,Pump,Pune,Utilities,Cooling Water,Pump Casing,Horizontal,IEPE Accelerometer,f88e67ab-c35a-417b-b049-00cb49d58fe4,manual,sample_vibration_data.csv,2026-08-27T10:18:28.978184Z,,2026-08-27T10:18:28.978184Z,,8192,8,6,peak,Peak,0.258887,scaled_eng,critical,2026-08-27T10:18:29.774171
f21a66ba-df6d-41b1-af1d-a0b637a39f2f,,CWP-001,Cooling Water Pump 1,Pump,Pune,Utilities,Cooling Water,Pump Casing,Horizontal,IEPE Accelerometer,f88e67ab-c35a-417b-b049-00cb49d58fe4,manual,sample_vibration_data.csv,2026-08-27T10:18:28.978184Z,,2026-08-27T10:18:28.978184Z,,8192,8,6,rms,RMS,0.05102043,scaled_eng,critical,2026-08-27T10:18:29.774171
f21a66ba-df6d-41b1-af1d-a0b637a39f2f,,CWP-001,Cooling Water Pump 1,Pump,Pune,Utilities,Cooling Water,Pump Casing,Horizontal,IEPE Accelerometer,f88e67ab-c35a-417b-b049-00cb49d58fe4,manual,sample_vibration_data.csv,2026-08-27T10:18:28.978184Z,,2026-08-27T10:18:28.978184Z,,8192,8,7,amplitude_1x,1X Amplitude,0.03915493,scaled_eng,normal,2026-08-27T10:18:29.774171
f21a66ba-df6d-41b1-af1d-a0b637a39f2f,,CWP-001,Cooling Water Pump 1,Pump,Pune,Utilities,Cooling Water,Pump Casing,Horizontal,IEPE Accelerometer,f88e67ab-c35a-417b-b049-00cb49d58fe4,manual,sample_vibration_data.csv,2026-08-27T10:18:28.978184Z,,2026-08-27T10:18:28.978184Z,,8192,8,7,amplitude_2x,2X Amplitude,0.00397512,scaled_eng,normal,2026-08-27T10:18:29.774171
f21a66ba-df6d-41b1-af1d-a0b637a39f2f,,CWP-001,Cooling Water Pump 1,Pump,Pune,Utilities,Cooling Water,Pump Casing,Horizontal,IEPE Accelerometer,f88e67ab-c35a-417b-b049-00cb49d58fe4,manual,sample_vibration_data.csv,2026-08-27T10:18:28.978184Z,,2026-08-27T10:18:28.978184Z,,8192,8,7,amplitude_3x,3X Amplitude,0.0076093,scaled_eng,normal,2026-08-27T10:18:29.774171
f21a66ba-df6d-41b1-af1d-a0b637a39f2f,,CWP-001,Cooling Water Pump 1,Pump,Pune,Utilities,Cooling Water,Pump Casing,Horizontal,IEPE Accelerometer,f88e67ab-c35a-417b-b049-00cb49d58fe4,manual,sample_vibration_data.csv,2026-08-27T10:18:28.978184Z,,2026-08-27T10:18:28.978184Z,,8192,8,7,crest_factor,Crest Factor,3.85052219,dimensionless,warning,2026-08-27T10:18:29.774171
f21a66ba-df6d-41b1-af1d-a0b637a39f2f,,CWP-001,Cooling Water Pump 1,Pump,Pune,Utilities,Cooling Water,Pump Casing,Horizontal,IEPE Accelerometer,f88e67ab-c35a-417b-b049-00cb49d58fe4,manual,sample_vibration_data.csv,2026-08-27T10:18:28.978184Z,,2026-08-27T10:18:28.978184Z,,8192,8,7,envelope_rms,Envelope RMS,0.54326117,scaled_eng,no_baseline,2026-08-27T10:18:29.774171
f21a66ba-df6d-41b1-af1d-a0b637a39f2f,,CWP-001,Cooling Water Pump 1,Pump,Pune,Utilities,Cooling Water,Pump Casing,Horizontal,IEPE Accelerometer,f88e67ab-c35a-417b-b049-00cb49d58fe4,manual,sample_vibration_data.csv,2026-08-27T10:18:28.978184Z,,2026-08-27T10:18:28.978184Z,,8192,8,7,fft_band_energy_0_500,FFT Band Energy (0-500 Hz),0.09207055,scaled_eng_sq,no_baseline,2026-08-27T10:18:29.774171
f21a66ba-df6d-41b1-af1d-a0b637a39f2f,,CWP-001,Cooling Water Pump 1,Pump,Pune,Utilities,Cooling Water,Pump Casing,Horizontal,IEPE Accelerometer,f88e67ab-c35a-417b-b049-00cb49d58fe4,manual,sample_vibration_data.csv,2026-08-27T10:18:28.978184Z,,2026-08-27T10:18:28.978184Z,,8192,8,7,kurtosis,Kurtosis,-0.03360548,dimensionless,normal,2026-08-27T10:18:29.774171
f21a66ba-df6d-41b1-af1d-a0b637a39f2f,,CWP-001,Cooling Water Pump 1,Pump,Pune,Utilities,Cooling Water,Pump Casing,Horizontal,IEPE Accelerometer,f88e67ab-c35a-417b-b049-00cb49d58fe4,manual,sample_vibration_data.csv,2026-08-27T10:18:28.978184Z,,2026-08-27T10:18:28.978184Z,,8192,8,7,noise_floor,Noise Floor,-41.41622021,dB,critical,2026-08-27T10:18:29.774171
f21a66ba-df6d-41b1-af1d-a0b637a39f2f,,CWP-001,Cooling Water Pump 1,Pump,Pune,Utilities,Cooling Water,Pump Casing,Horizontal,IEPE Accelerometer,f88e67ab-c35a-417b-b049-00cb49d58fe4,manual,sample_vibration_data.csv,2026-08-27T10:18:28.978184Z,,2026-08-27T10:18:28.978184Z,,8192,8,7,peak,Peak,1.479206,scaled_eng,critical,2026-08-27T10:18:29.774171
f21a66ba-df6d-41b1-af1d-a0b637a39f2f,,CWP-001,Cooling Water Pump 1,Pump,Pune,Utilities,Cooling Water,Pump Casing,Horizontal,IEPE Accelerometer,f88e67ab-c35a-417b-b049-00cb49d58fe4,manual,sample_vibration_data.csv,2026-08-27T10:18:28.978184Z,,2026-08-27T10:18:28.978184Z,,8192,8,7,rms,RMS,0.38415725,scaled_eng,critical,2026-08-27T10:18:29.774171
f21a66ba-df6d-41b1-af1d-a0b637a39f2f,,CWP-001,Cooling Water Pump 1,Pump,Pune,Utilities,Cooling Water,Pump Casing,Horizontal,IEPE Accelerometer,5d0c6c8e-134b-48b0-9a06-881e36162735,manual,sample_vibration_data.csv,2026-08-27T10:20:37.232357Z,,2026-08-27T10:20:37.232357Z,,8192,8,0,amplitude_1x,1X Amplitude,0.04488572,scaled_eng,critical,2026-08-27T10:20:38.536978
f21a66ba-df6d-41b1-af1d-a0b637a39f2f,,CWP-001,Cooling Water Pump 1,Pump,Pune,Utilities,Cooling Water,Pump Casing,Horizontal,IEPE Accelerometer,5d0c6c8e-134b-48b0-9a06-881e36162735,manual,sample_vibration_data.csv,2026-08-27T10:20:37.232357Z,,2026-08-27T10:20:37.232357Z,,8192,8,0,amplitude_2x,2X Amplitude,0.01185733,scaled_eng,critical,2026-08-27T10:20:38.536978
f21a66ba-df6d-41b1-af1d-a0b637a39f2f,,CWP-001,Cooling Water Pump 1,Pump,Pune,Utilities,Cooling Water,Pump Casing,Horizontal,IEPE Accelerometer,5d0c6c8e-134b-48b0-9a06-881e36162735,manual,sample_vibration_data.csv,2026-08-27T10:20:37.232357Z,,2026-08-27T10:20:37.232357Z,,8192,8,0,amplitude_3x,3X Amplitude,0.00491302,scaled_eng,warning,2026-08-27T10:20:38.536978
f21a66ba-df6d-41b1-af1d-a0b637a39f2f,,CWP-001,Cooling Water Pump 1,Pump,Pune,Utilities,Cooling Water,Pump Casing,Horizontal,IEPE Accelerometer,5d0c6c8e-134b-48b0-9a06-881e36162735,manual,sample_vibration_data.csv,2026-08-27T10:20:37.232357Z,,2026-08-27T10:20:37.232357Z,,8192,8,0,crest_factor,Crest Factor,2.29151515,dimensionless,normal,2026-08-27T10:20:38.536978
f21a66ba-df6d-41b1-af1d-a0b637a39f2f,,CWP-001,Cooling Water Pump 1,Pump,Pune,Utilities,Cooling Water,Pump Casing,Horizontal,IEPE Accelerometer,5d0c6c8e-134b-48b0-9a06-881e36162735,manual,sample_vibration_data.csv,2026-08-27T10:20:37.232357Z,,2026-08-27T10:20:37.232357Z,,8192,8,0,envelope_rms,Envelope RMS,0.04934856,scaled_eng,no_baseline,2026-08-27T10:20:38.536978
f21a66ba-df6d-41b1-af1d-a0b637a39f2f,,CWP-001,Cooling Water Pump 1,Pump,Pune,Utilities,Cooling Water,Pump Casing,Horizontal,IEPE Accelerometer,5d0c6c8e-134b-48b0-9a06-881e36162735,manual,sample_vibration_data.csv,2026-08-27T10:20:37.232357Z,,2026-08-27T10:20:37.232357Z,,8192,8,0,fft_band_energy_0_500,FFT Band Energy (0-500 Hz),0.00339314,scaled_eng_sq,no_baseline,2026-08-27T10:20:38.536978
f21a66ba-df6d-41b1-af1d-a0b637a39f2f,,CWP-001,Cooling Water Pump 1,Pump,Pune,Utilities,Cooling Water,Pump Casing,Horizontal,IEPE Accelerometer,5d0c6c8e-134b-48b0-9a06-881e36162735,manual,sample_vibration_data.csv,2026-08-27T10:20:37.232357Z,,2026-08-27T10:20:37.232357Z,,8192,8,0,kurtosis,Kurtosis,-1.16021493,dimensionless,normal,2026-08-27T10:20:38.536978
f21a66ba-df6d-41b1-af1d-a0b637a39f2f,,CWP-001,Cooling Water Pump 1,Pump,Pune,Utilities,Cooling Water,Pump Casing,Horizontal,IEPE Accelerometer,5d0c6c8e-134b-48b0-9a06-881e36162735,manual,sample_vibration_data.csv,2026-08-27T10:20:37.232357Z,,2026-08-27T10:20:37.232357Z,,8192,8,0,noise_floor,Noise Floor,-71.2826022,dB,normal,2026-08-27T10:20:38.536978
f21a66ba-df6d-41b1-af1d-a0b637a39f2f,,CWP-001,Cooling Water Pump 1,Pump,Pune,Utilities,Cooling Water,Pump Casing,Horizontal,IEPE Accelerometer,5d0c6c8e-134b-48b0-9a06-881e36162735,manual,sample_vibration_data.csv,2026-08-27T10:20:37.232357Z,,2026-08-27T10:20:37.232357Z,,8192,8,0,peak,Peak,0.08,scaled_eng,warning,2026-08-27T10:20:38.536978
f21a66ba-df6d-41b1-af1d-a0b637a39f2f,,CWP-001,Cooling Water Pump 1,Pump,Pune,Utilities,Cooling Water,Pump Casing,Horizontal,IEPE Accelerometer,5d0c6c8e-134b-48b0-9a06-881e36162735,manual,sample_vibration_data.csv,2026-08-27T10:20:37.232357Z,,2026-08-27T10:20:37.232357Z,,8192,8,0,rms,RMS,0.0349114,scaled_eng,critical,2026-08-27T10:20:38.536978
f21a66ba-df6d-41b1-af1d-a0b637a39f2f,,CWP-001,Cooling Water Pump 1,Pump,Pune,Utilities,Cooling Water,Pump Casing,Horizontal,IEPE Accelerometer,5d0c6c8e-134b-48b0-9a06-881e36162735,manual,sample_vibration_data.csv,2026-08-27T10:20:37.232357Z,,2026-08-27T10:20:37.232357Z,,8192,8,1,amplitude_1x,1X Amplitude,0.02965913,scaled_eng,critical,2026-08-27T10:20:38.536978
f21a66ba-df6d-41b1-af1d-a0b637a39f2f,,CWP-001,Cooling Water Pump 1,Pump,Pune,Utilities,Cooling Water,Pump Casing,Horizontal,IEPE Accelerometer,5d0c6c8e-134b-48b0-9a06-881e36162735,manual,sample_vibration_data.csv,2026-08-27T10:20:37.232357Z,,2026-08-27T10:20:37.232357Z,,8192,8,1,amplitude_2x,2X Amplitude,0.00805613,scaled_eng,critical,2026-08-27T10:20:38.536978
f21a66ba-df6d-41b1-af1d-a0b637a39f2f,,CWP-001,Cooling Water Pump 1,Pump,Pune,Utilities,Cooling Water,Pump Casing,Horizontal,IEPE Accelerometer,5d0c6c8e-134b-48b0-9a06-881e36162735,manual,sample_vibration_data.csv,2026-08-27T10:20:37.232357Z,,2026-08-27T10:20:37.232357Z,,8192,8,1,amplitude_3x,3X Amplitude,0.00025199,scaled_eng,normal,2026-08-27T10:20:38.536978
f21a66ba-df6d-41b1-af1d-a0b637a39f2f,,CWP-001,Cooling Water Pump 1,Pump,Pune,Utilities,Cooling Water,Pump Casing,Horizontal,IEPE Accelerometer,5d0c6c8e-134b-48b0-9a06-881e36162735,manual,sample_vibration_data.csv,2026-08-27T10:20:37.232357Z,,2026-08-27T10:20:37.232357Z,,8192,8,1,crest_factor,Crest Factor,2.88854849,dimensionless,normal,2026-08-27T10:20:38.536978
f21a66ba-df6d-41b1-af1d-a0b637a39f2f,,CWP-001,Cooling Water Pump 1,Pump,Pune,Utilities,Cooling Water,Pump Casing,Horizontal,IEPE Accelerometer,5d0c6c8e-134b-48b0-9a06-881e36162735,manual,sample_vibration_data.csv,2026-08-27T10:20:37.232357Z,,2026-08-27T10:20:37.232357Z,,8192,8,1,envelope_rms,Envelope RMS,0.03397816,scaled_eng,no_baseline,2026-08-27T10:20:38.536978
f21a66ba-df6d-41b1-af1d-a0b637a39f2f,,CWP-001,Cooling Water Pump 1,Pump,Pune,Utilities,Cooling Water,Pump Casing,Horizontal,IEPE Accelerometer,5d0c6c8e-134b-48b0-9a06-881e36162735,manual,sample_vibration_data.csv,2026-08-27T10:20:37.232357Z,,2026-08-27T10:20:37.232357Z,,8192,8,1,fft_band_energy_0_500,FFT Band Energy (0-500 Hz),0.00148846,scaled_eng_sq,no_baseline,2026-08-27T10:20:38.536978
f21a66ba-df6d-41b1-af1d-a0b637a39f2f,,CWP-001,Cooling Water Pump 1,Pump,Pune,Utilities,Cooling Water,Pump Casing,Horizontal,IEPE Accelerometer,5d0c6c8e-134b-48b0-9a06-881e36162735,manual,sample_vibration_data.csv,2026-08-27T10:20:37.232357Z,,2026-08-27T10:20:37.232357Z,,8192,8,1,kurtosis,Kurtosis,-0.75106183,dimensionless,normal,2026-08-27T10:20:38.536978
f21a66ba-df6d-41b1-af1d-a0b637a39f2f,,CWP-001,Cooling Water Pump 1,Pump,Pune,Utilities,Cooling Water,Pump Casing,Horizontal,IEPE Accelerometer,5d0c6c8e-134b-48b0-9a06-881e36162735,manual,sample_vibration_data.csv,2026-08-27T10:20:37.232357Z,,2026-08-27T10:20:37.232357Z,,8192,8,1,noise_floor,Noise Floor,-72.45560057,dB,normal,2026-08-27T10:20:38.536978
f21a66ba-df6d-41b1-af1d-a0b637a39f2f,,CWP-001,Cooling Water Pump 1,Pump,Pune,Utilities,Cooling Water,Pump Casing,Horizontal,IEPE Accelerometer,5d0c6c8e-134b-48b0-9a06-881e36162735,manual,sample_vibration_data.csv,2026-08-27T10:20:37.232357Z,,2026-08-27T10:20:37.232357Z,,8192,8,1,peak,Peak,0.069426,scaled_eng,warning,2026-08-27T10:20:38.536978
f21a66ba-df6d-41b1-af1d-a0b637a39f2f,,CWP-001,Cooling Water Pump 1,Pump,Pune,Utilities,Cooling Water,Pump Casing,Horizontal,IEPE Accelerometer,5d0c6c8e-134b-48b0-9a06-881e36162735,manual,sample_vibration_data.csv,2026-08-27T10:20:37.232357Z,,2026-08-27T10:20:37.232357Z,,8192,8,1,rms,RMS,0.02403491,scaled_eng,critical,2026-08-27T10:20:38.536978
f21a66ba-df6d-41b1-af1d-a0b637a39f2f,,CWP-001,Cooling Water Pump 1,Pump,Pune,Utilities,Cooling Water,Pump Casing,Horizontal,IEPE Accelerometer,5d0c6c8e-134b-48b0-9a06-881e36162735,manual,sample_vibration_data.csv,2026-08-27T10:20:37.232357Z,,2026-08-27T10:20:37.232357Z,,8192,8,2,amplitude_1x,1X Amplitude,0.42007803,scaled_eng,critical,2026-08-27T10:20:38.536978
f21a66ba-df6d-41b1-af1d-a0b637a39f2f,,CWP-001,Cooling Water Pump 1,Pump,Pune,Utilities,Cooling Water,Pump Casing,Horizontal,IEPE Accelerometer,5d0c6c8e-134b-48b0-9a06-881e36162735,manual,sample_vibration_data.csv,2026-08-27T10:20:37.232357Z,,2026-08-27T10:20:37.232357Z,,8192,8,2,amplitude_2x,2X Amplitude,0.05012345,scaled_eng,warning,2026-08-27T10:20:38.536978
f21a66ba-df6d-41b1-af1d-a0b637a39f2f,,CWP-001,Cooling Water Pump 1,Pump,Pune,Utilities,Cooling Water,Pump Casing,Horizontal,IEPE Accelerometer,5d0c6c8e-134b-48b0-9a06-881e36162735,manual,sample_vibration_data.csv,2026-08-27T10:20:37.232357Z,,2026-08-27T10:20:37.232357Z,,8192,8,2,amplitude_3x,3X Amplitude,0.02006289,scaled_eng,warning,2026-08-27T10:20:38.536978
f21a66ba-df6d-41b1-af1d-a0b637a39f2f,,CWP-001,Cooling Water Pump 1,Pump,Pune,Utilities,Cooling Water,Pump Casing,Horizontal,IEPE Accelerometer,5d0c6c8e-134b-48b0-9a06-881e36162735,manual,sample_vibration_data.csv,2026-08-27T10:20:37.232357Z,,2026-08-27T10:20:37.232357Z,,8192,8,2,crest_factor,Crest Factor,1.65138368,dimensionless,normal,2026-08-27T10:20:38.536978
f21a66ba-df6d-41b1-af1d-a0b637a39f2f,,CWP-001,Cooling Water Pump 1,Pump,Pune,Utilities,Cooling Water,Pump Casing,Horizontal,IEPE Accelerometer,5d0c6c8e-134b-48b0-9a06-881e36162735,manual,sample_vibration_data.csv,2026-08-27T10:20:37.232357Z,,2026-08-27T10:20:37.232357Z,,8192,8,2,envelope_rms,Envelope RMS,0.42372655,scaled_eng,no_baseline,2026-08-27T10:20:38.536978
f21a66ba-df6d-41b1-af1d-a0b637a39f2f,,CWP-001,Cooling Water Pump 1,Pump,Pune,Utilities,Cooling Water,Pump Casing,Horizontal,IEPE Accelerometer,5d0c6c8e-134b-48b0-9a06-881e36162735,manual,sample_vibration_data.csv,2026-08-27T10:20:37.232357Z,,2026-08-27T10:20:37.232357Z,,8192,8,2,fft_band_energy_0_500,FFT Band Energy (0-500 Hz),0.26905098,scaled_eng_sq,no_baseline,2026-08-27T10:20:38.536978
f21a66ba-df6d-41b1-af1d-a0b637a39f2f,,CWP-001,Cooling Water Pump 1,Pump,Pune,Utilities,Cooling Water,Pump Casing,Horizontal,IEPE Accelerometer,5d0c6c8e-134b-48b0-9a06-881e36162735,manual,sample_vibration_data.csv,2026-08-27T10:20:37.232357Z,,2026-08-27T10:20:37.232357Z,,8192,8,2,kurtosis,Kurtosis,-1.43945141,dimensionless,normal,2026-08-27T10:20:38.536978
f21a66ba-df6d-41b1-af1d-a0b637a39f2f,,CWP-001,Cooling Water Pump 1,Pump,Pune,Utilities,Cooling Water,Pump Casing,Horizontal,IEPE Accelerometer,5d0c6c8e-134b-48b0-9a06-881e36162735,manual,sample_vibration_data.csv,2026-08-27T10:20:37.232357Z,,2026-08-27T10:20:37.232357Z,,8192,8,2,noise_floor,Noise Floor,-65.61354599,dB,normal,2026-08-27T10:20:38.536978
f21a66ba-df6d-41b1-af1d-a0b637a39f2f,,CWP-001,Cooling Water Pump 1,Pump,Pune,Utilities,Cooling Water,Pump Casing,Horizontal,IEPE Accelerometer,5d0c6c8e-134b-48b0-9a06-881e36162735,manual,sample_vibration_data.csv,2026-08-27T10:20:37.232357Z,,2026-08-27T10:20:37.232357Z,,8192,8,2,peak,Peak,0.494795,scaled_eng,critical,2026-08-27T10:20:38.536978
f21a66ba-df6d-41b1-af1d-a0b637a39f2f,,CWP-001,Cooling Water Pump 1,Pump,Pune,Utilities,Cooling Water,Pump Casing,Horizontal,IEPE Accelerometer,5d0c6c8e-134b-48b0-9a06-881e36162735,manual,sample_vibration_data.csv,2026-08-27T10:20:37.232357Z,,2026-08-27T10:20:37.232357Z,,8192,8,2,rms,RMS,0.2996245,scaled_eng,critical,2026-08-27T10:20:38.536978
f21a66ba-df6d-41b1-af1d-a0b637a39f2f,,CWP-001,Cooling Water Pump 1,Pump,Pune,Utilities,Cooling Water,Pump Casing,Horizontal,IEPE Accelerometer,5d0c6c8e-134b-48b0-9a06-881e36162735,manual,sample_vibration_data.csv,2026-08-27T10:20:37.232357Z,,2026-08-27T10:20:37.232357Z,,8192,8,3,amplitude_1x,1X Amplitude,0.55056391,scaled_eng,critical,2026-08-27T10:20:38.536978
f21a66ba-df6d-41b1-af1d-a0b637a39f2f,,CWP-001,Cooling Water Pump 1,Pump,Pune,Utilities,Cooling Water,Pump Casing,Horizontal,IEPE Accelerometer,5d0c6c8e-134b-48b0-9a06-881e36162735,manual,sample_vibration_data.csv,2026-08-27T10:20:37.232357Z,,2026-08-27T10:20:37.232357Z,,8192,8,3,amplitude_2x,2X Amplitude,0.03958953,scaled_eng,normal,2026-08-27T10:20:38.536978
f21a66ba-df6d-41b1-af1d-a0b637a39f2f,,CWP-001,Cooling Water Pump 1,Pump,Pune,Utilities,Cooling Water,Pump Casing,Horizontal,IEPE Accelerometer,5d0c6c8e-134b-48b0-9a06-881e36162735,manual,sample_vibration_data.csv,2026-08-27T10:20:37.232357Z,,2026-08-27T10:20:37.232357Z,,8192,8,3,amplitude_3x,3X Amplitude,0.00028449,scaled_eng,normal,2026-08-27T10:20:38.536978
f21a66ba-df6d-41b1-af1d-a0b637a39f2f,,CWP-001,Cooling Water Pump 1,Pump,Pune,Utilities,Cooling Water,Pump Casing,Horizontal,IEPE Accelerometer,5d0c6c8e-134b-48b0-9a06-881e36162735,manual,sample_vibration_data.csv,2026-08-27T10:20:37.232357Z,,2026-08-27T10:20:37.232357Z,,8192,8,3,crest_factor,Crest Factor,2.01172949,dimensionless,normal,2026-08-27T10:20:38.536978
f21a66ba-df6d-41b1-af1d-a0b637a39f2f,,CWP-001,Cooling Water Pump 1,Pump,Pune,Utilities,Cooling Water,Pump Casing,Horizontal,IEPE Accelerometer,5d0c6c8e-134b-48b0-9a06-881e36162735,manual,sample_vibration_data.csv,2026-08-27T10:20:37.232357Z,,2026-08-27T10:20:37.232357Z,,8192,8,3,envelope_rms,Envelope RMS,0.59974793,scaled_eng,no_baseline,2026-08-27T10:20:38.536978
f21a66ba-df6d-41b1-af1d-a0b637a39f2f,,CWP-001,Cooling Water Pump 1,Pump,Pune,Utilities,Cooling Water,Pump Casing,Horizontal,IEPE Accelerometer,5d0c6c8e-134b-48b0-9a06-881e36162735,manual,sample_vibration_data.csv,2026-08-27T10:20:37.232357Z,,2026-08-27T10:20:37.232357Z,,8192,8,3,fft_band_energy_0_500,FFT Band Energy (0-500 Hz),0.53937693,scaled_eng_sq,no_baseline,2026-08-27T10:20:38.536978
f21a66ba-df6d-41b1-af1d-a0b637a39f2f,,CWP-001,Cooling Water Pump 1,Pump,Pune,Utilities,Cooling Water,Pump Casing,Horizontal,IEPE Accelerometer,5d0c6c8e-134b-48b0-9a06-881e36162735,manual,sample_vibration_data.csv,2026-08-27T10:20:37.232357Z,,2026-08-27T10:20:37.232357Z,,8192,8,3,kurtosis,Kurtosis,-1.20569502,dimensionless,normal,2026-08-27T10:20:38.536978
f21a66ba-df6d-41b1-af1d-a0b637a39f2f,,CWP-001,Cooling Water Pump 1,Pump,Pune,Utilities,Cooling Water,Pump Casing,Horizontal,IEPE Accelerometer,5d0c6c8e-134b-48b0-9a06-881e36162735,manual,sample_vibration_data.csv,2026-08-27T10:20:37.232357Z,,2026-08-27T10:20:37.232357Z,,8192,8,3,noise_floor,Noise Floor,-61.77271579,dB,normal,2026-08-27T10:20:38.536978
f21a66ba-df6d-41b1-af1d-a0b637a39f2f,,CWP-001,Cooling Water Pump 1,Pump,Pune,Utilities,Cooling Water,Pump Casing,Horizontal,IEPE Accelerometer,5d0c6c8e-134b-48b0-9a06-881e36162735,manual,sample_vibration_data.csv,2026-08-27T10:20:37.232357Z,,2026-08-27T10:20:37.232357Z,,8192,8,3,peak,Peak,0.853154,scaled_eng,critical,2026-08-27T10:20:38.536978
f21a66ba-df6d-41b1-af1d-a0b637a39f2f,,CWP-001,Cooling Water Pump 1,Pump,Pune,Utilities,Cooling Water,Pump Casing,Horizontal,IEPE Accelerometer,5d0c6c8e-134b-48b0-9a06-881e36162735,manual,sample_vibration_data.csv,2026-08-27T10:20:37.232357Z,,2026-08-27T10:20:37.232357Z,,8192,8,3,rms,RMS,0.42408982,scaled_eng,critical,2026-08-27T10:20:38.536978
f21a66ba-df6d-41b1-af1d-a0b637a39f2f,,CWP-001,Cooling Water Pump 1,Pump,Pune,Utilities,Cooling Water,Pump Casing,Horizontal,IEPE Accelerometer,5d0c6c8e-134b-48b0-9a06-881e36162735,manual,sample_vibration_data.csv,2026-08-27T10:20:37.232357Z,,2026-08-27T10:20:37.232357Z,,8192,8,4,amplitude_1x,1X Amplitude,0.05874937,scaled_eng,warning,2026-08-27T10:20:38.536978
f21a66ba-df6d-41b1-af1d-a0b637a39f2f,,CWP-001,Cooling Water Pump 1,Pump,Pune,Utilities,Cooling Water,Pump Casing,Horizontal,IEPE Accelerometer,5d0c6c8e-134b-48b0-9a06-881e36162735,manual,sample_vibration_data.csv,2026-08-27T10:20:37.232357Z,,2026-08-27T10:20:37.232357Z,,8192,8,4,amplitude_2x,2X Amplitude,0.02452167,scaled_eng,warning,2026-08-27T10:20:38.536978
f21a66ba-df6d-41b1-af1d-a0b637a39f2f,,CWP-001,Cooling Water Pump 1,Pump,Pune,Utilities,Cooling Water,Pump Casing,Horizontal,IEPE Accelerometer,5d0c6c8e-134b-48b0-9a06-881e36162735,manual,sample_vibration_data.csv,2026-08-27T10:20:37.232357Z,,2026-08-27T10:20:37.232357Z,,8192,8,4,amplitude_3x,3X Amplitude,0.00031264,scaled_eng,normal,2026-08-27T10:20:38.536978
f21a66ba-df6d-41b1-af1d-a0b637a39f2f,,CWP-001,Cooling Water Pump 1,Pump,Pune,Utilities,Cooling Water,Pump Casing,Horizontal,IEPE Accelerometer,5d0c6c8e-134b-48b0-9a06-881e36162735,manual,sample_vibration_data.csv,2026-08-27T10:20:37.232357Z,,2026-08-27T10:20:37.232357Z,,8192,8,4,crest_factor,Crest Factor,5.93089109,dimensionless,critical,2026-08-27T10:20:38.536978
f21a66ba-df6d-41b1-af1d-a0b637a39f2f,,CWP-001,Cooling Water Pump 1,Pump,Pune,Utilities,Cooling Water,Pump Casing,Horizontal,IEPE Accelerometer,5d0c6c8e-134b-48b0-9a06-881e36162735,manual,sample_vibration_data.csv,2026-08-27T10:20:37.232357Z,,2026-08-27T10:20:37.232357Z,,8192,8,4,envelope_rms,Envelope RMS,0.28907629,scaled_eng,no_baseline,2026-08-27T10:20:38.536978
f21a66ba-df6d-41b1-af1d-a0b637a39f2f,,CWP-001,Cooling Water Pump 1,Pump,Pune,Utilities,Cooling Water,Pump Casing,Horizontal,IEPE Accelerometer,5d0c6c8e-134b-48b0-9a06-881e36162735,manual,sample_vibration_data.csv,2026-08-27T10:20:37.232357Z,,2026-08-27T10:20:37.232357Z,,8192,8,4,fft_band_energy_0_500,FFT Band Energy (0-500 Hz),0.0067375,scaled_eng_sq,no_baseline,2026-08-27T10:20:38.536978
f21a66ba-df6d-41b1-af1d-a0b637a39f2f,,CWP-001,Cooling Water Pump 1,Pump,Pune,Utilities,Cooling Water,Pump Casing,Horizontal,IEPE Accelerometer,5d0c6c8e-134b-48b0-9a06-881e36162735,manual,sample_vibration_data.csv,2026-08-27T10:20:37.232357Z,,2026-08-27T10:20:37.232357Z,,8192,8,4,kurtosis,Kurtosis,9.58422838,dimensionless,critical,2026-08-27T10:20:38.536978
f21a66ba-df6d-41b1-af1d-a0b637a39f2f,,CWP-001,Cooling Water Pump 1,Pump,Pune,Utilities,Cooling Water,Pump Casing,Horizontal,IEPE Accelerometer,5d0c6c8e-134b-48b0-9a06-881e36162735,manual,sample_vibration_data.csv,2026-08-27T10:20:37.232357Z,,2026-08-27T10:20:37.232357Z,,8192,8,4,noise_floor,Noise Floor,-51.48186277,dB,critical,2026-08-27T10:20:38.536978
f21a66ba-df6d-41b1-af1d-a0b637a39f2f,,CWP-001,Cooling Water Pump 1,Pump,Pune,Utilities,Cooling Water,Pump Casing,Horizontal,IEPE Accelerometer,5d0c6c8e-134b-48b0-9a06-881e36162735,manual,sample_vibration_data.csv,2026-08-27T10:20:37.232357Z,,2026-08-27T10:20:37.232357Z,,8192,8,4,peak,Peak,1.212514,scaled_eng,critical,2026-08-27T10:20:38.536978
f21a66ba-df6d-41b1-af1d-a0b637a39f2f,,CWP-001,Cooling Water Pump 1,Pump,Pune,Utilities,Cooling Water,Pump Casing,Horizontal,IEPE Accelerometer,5d0c6c8e-134b-48b0-9a06-881e36162735,manual,sample_vibration_data.csv,2026-08-27T10:20:37.232357Z,,2026-08-27T10:20:37.232357Z,,8192,8,4,rms,RMS,0.20444044,scaled_eng,critical,2026-08-27T10:20:38.536978
f21a66ba-df6d-41b1-af1d-a0b637a39f2f,,CWP-001,Cooling Water Pump 1,Pump,Pune,Utilities,Cooling Water,Pump Casing,Horizontal,IEPE Accelerometer,5d0c6c8e-134b-48b0-9a06-881e36162735,manual,sample_vibration_data.csv,2026-08-27T10:20:37.232357Z,,2026-08-27T10:20:37.232357Z,,8192,8,5,amplitude_1x,1X Amplitude,0.30075571,scaled_eng,critical,2026-08-27T10:20:38.536978
f21a66ba-df6d-41b1-af1d-a0b637a39f2f,,CWP-001,Cooling Water Pump 1,Pump,Pune,Utilities,Cooling Water,Pump Casing,Horizontal,IEPE Accelerometer,5d0c6c8e-134b-48b0-9a06-881e36162735,manual,sample_vibration_data.csv,2026-08-27T10:20:37.232357Z,,2026-08-27T10:20:37.232357Z,,8192,8,5,amplitude_2x,2X Amplitude,0.21961646,scaled_eng,critical,2026-08-27T10:20:38.536978
f21a66ba-df6d-41b1-af1d-a0b637a39f2f,,CWP-001,Cooling Water Pump 1,Pump,Pune,Utilities,Cooling Water,Pump Casing,Horizontal,IEPE Accelerometer,5d0c6c8e-134b-48b0-9a06-881e36162735,manual,sample_vibration_data.csv,2026-08-27T10:20:37.232357Z,,2026-08-27T10:20:37.232357Z,,8192,8,5,amplitude_3x,3X Amplitude,0.18028326,scaled_eng,critical,2026-08-27T10:20:38.536978
f21a66ba-df6d-41b1-af1d-a0b637a39f2f,,CWP-001,Cooling Water Pump 1,Pump,Pune,Utilities,Cooling Water,Pump Casing,Horizontal,IEPE Accelerometer,5d0c6c8e-134b-48b0-9a06-881e36162735,manual,sample_vibration_data.csv,2026-08-27T10:20:37.232357Z,,2026-08-27T10:20:37.232357Z,,8192,8,5,crest_factor,Crest Factor,2.86661786,dimensionless,normal,2026-08-27T10:20:38.536978
f21a66ba-df6d-41b1-af1d-a0b637a39f2f,,CWP-001,Cooling Water Pump 1,Pump,Pune,Utilities,Cooling Water,Pump Casing,Horizontal,IEPE Accelerometer,5d0c6c8e-134b-48b0-9a06-881e36162735,manual,sample_vibration_data.csv,2026-08-27T10:20:37.232357Z,,2026-08-27T10:20:37.232357Z,,8192,8,5,envelope_rms,Envelope RMS,0.46830712,scaled_eng,no_baseline,2026-08-27T10:20:38.536978
f21a66ba-df6d-41b1-af1d-a0b637a39f2f,,CWP-001,Cooling Water Pump 1,Pump,Pune,Utilities,Cooling Water,Pump Casing,Horizontal,IEPE Accelerometer,5d0c6c8e-134b-48b0-9a06-881e36162735,manual,sample_vibration_data.csv,2026-08-27T10:20:37.232357Z,,2026-08-27T10:20:37.232357Z,,8192,8,5,fft_band_energy_0_500,FFT Band Energy (0-500 Hz),0.3255508,scaled_eng_sq,no_baseline,2026-08-27T10:20:38.536978
f21a66ba-df6d-41b1-af1d-a0b637a39f2f,,CWP-001,Cooling Water Pump 1,Pump,Pune,Utilities,Cooling Water,Pump Casing,Horizontal,IEPE Accelerometer,5d0c6c8e-134b-48b0-9a06-881e36162735,manual,sample_vibration_data.csv,2026-08-27T10:20:37.232357Z,,2026-08-27T10:20:37.232357Z,,8192,8,5,kurtosis,Kurtosis,-0.02359987,dimensionless,normal,2026-08-27T10:20:38.536978
f21a66ba-df6d-41b1-af1d-a0b637a39f2f,,CWP-001,Cooling Water Pump 1,Pump,Pune,Utilities,Cooling Water,Pump Casing,Horizontal,IEPE Accelerometer,5d0c6c8e-134b-48b0-9a06-881e36162735,manual,sample_vibration_data.csv,2026-08-27T10:20:37.232357Z,,2026-08-27T10:20:37.232357Z,,8192,8,5,noise_floor,Noise Floor,-57.79082383,dB,warning,2026-08-27T10:20:38.536978
f21a66ba-df6d-41b1-af1d-a0b637a39f2f,,CWP-001,Cooling Water Pump 1,Pump,Pune,Utilities,Cooling Water,Pump Casing,Horizontal,IEPE Accelerometer,5d0c6c8e-134b-48b0-9a06-881e36162735,manual,sample_vibration_data.csv,2026-08-27T10:20:37.232357Z,,2026-08-27T10:20:37.232357Z,,8192,8,5,peak,Peak,0.949269,scaled_eng,critical,2026-08-27T10:20:38.536978
f21a66ba-df6d-41b1-af1d-a0b637a39f2f,,CWP-001,Cooling Water Pump 1,Pump,Pune,Utilities,Cooling Water,Pump Casing,Horizontal,IEPE Accelerometer,5d0c6c8e-134b-48b0-9a06-881e36162735,manual,sample_vibration_data.csv,2026-08-27T10:20:37.232357Z,,2026-08-27T10:20:37.232357Z,,8192,8,5,rms,RMS,0.33114599,scaled_eng,critical,2026-08-27T10:20:38.536978
f21a66ba-df6d-41b1-af1d-a0b637a39f2f,,CWP-001,Cooling Water Pump 1,Pump,Pune,Utilities,Cooling Water,Pump Casing,Horizontal,IEPE Accelerometer,5d0c6c8e-134b-48b0-9a06-881e36162735,manual,sample_vibration_data.csv,2026-08-27T10:20:37.232357Z,,2026-08-27T10:20:37.232357Z,,8192,8,6,amplitude_1x,1X Amplitude,0.04933484,scaled_eng,critical,2026-08-27T10:20:38.536978
f21a66ba-df6d-41b1-af1d-a0b637a39f2f,,CWP-001,Cooling Water Pump 1,Pump,Pune,Utilities,Cooling Water,Pump Casing,Horizontal,IEPE Accelerometer,5d0c6c8e-134b-48b0-9a06-881e36162735,manual,sample_vibration_data.csv,2026-08-27T10:20:37.232357Z,,2026-08-27T10:20:37.232357Z,,8192,8,6,amplitude_2x,2X Amplitude,0.01934578,scaled_eng,critical,2026-08-27T10:20:38.536978
f21a66ba-df6d-41b1-af1d-a0b637a39f2f,,CWP-001,Cooling Water Pump 1,Pump,Pune,Utilities,Cooling Water,Pump Casing,Horizontal,IEPE Accelerometer,5d0c6c8e-134b-48b0-9a06-881e36162735,manual,sample_vibration_data.csv,2026-08-27T10:20:37.232357Z,,2026-08-27T10:20:37.232357Z,,8192,8,6,amplitude_3x,3X Amplitude,0.00068803,scaled_eng,normal,2026-08-27T10:20:38.536978
f21a66ba-df6d-41b1-af1d-a0b637a39f2f,,CWP-001,Cooling Water Pump 1,Pump,Pune,Utilities,Cooling Water,Pump Casing,Horizontal,IEPE Accelerometer,5d0c6c8e-134b-48b0-9a06-881e36162735,manual,sample_vibration_data.csv,2026-08-27T10:20:37.232357Z,,2026-08-27T10:20:37.232357Z,,8192,8,6,crest_factor,Crest Factor,5.07418346,dimensionless,critical,2026-08-27T10:20:38.536978
f21a66ba-df6d-41b1-af1d-a0b637a39f2f,,CWP-001,Cooling Water Pump 1,Pump,Pune,Utilities,Cooling Water,Pump Casing,Horizontal,IEPE Accelerometer,5d0c6c8e-134b-48b0-9a06-881e36162735,manual,sample_vibration_data.csv,2026-08-27T10:20:37.232357Z,,2026-08-27T10:20:37.232357Z,,8192,8,6,envelope_rms,Envelope RMS,0.07213275,scaled_eng,no_baseline,2026-08-27T10:20:38.536978
f21a66ba-df6d-41b1-af1d-a0b637a39f2f,,CWP-001,Cooling Water Pump 1,Pump,Pune,Utilities,Cooling Water,Pump Casing,Horizontal,IEPE Accelerometer,5d0c6c8e-134b-48b0-9a06-881e36162735,manual,sample_vibration_data.csv,2026-08-27T10:20:37.232357Z,,2026-08-27T10:20:37.232357Z,,8192,8,6,fft_band_energy_0_500,FFT Band Energy (0-500 Hz),0.00426862,scaled_eng_sq,no_baseline,2026-08-27T10:20:38.536978
f21a66ba-df6d-41b1-af1d-a0b637a39f2f,,CWP-001,Cooling Water Pump 1,Pump,Pune,Utilities,Cooling Water,Pump Casing,Horizontal,IEPE Accelerometer,5d0c6c8e-134b-48b0-9a06-881e36162735,manual,sample_vibration_data.csv,2026-08-27T10:20:37.232357Z,,2026-08-27T10:20:37.232357Z,,8192,8,6,kurtosis,Kurtosis,1.25489368,dimensionless,normal,2026-08-27T10:20:38.536978
f21a66ba-df6d-41b1-af1d-a0b637a39f2f,,CWP-001,Cooling Water Pump 1,Pump,Pune,Utilities,Cooling Water,Pump Casing,Horizontal,IEPE Accelerometer,5d0c6c8e-134b-48b0-9a06-881e36162735,manual,sample_vibration_data.csv,2026-08-27T10:20:37.232357Z,,2026-08-27T10:20:37.232357Z,,8192,8,6,noise_floor,Noise Floor,-63.26953027,dB,normal,2026-08-27T10:20:38.536978
f21a66ba-df6d-41b1-af1d-a0b637a39f2f,,CWP-001,Cooling Water Pump 1,Pump,Pune,Utilities,Cooling Water,Pump Casing,Horizontal,IEPE Accelerometer,5d0c6c8e-134b-48b0-9a06-881e36162735,manual,sample_vibration_data.csv,2026-08-27T10:20:37.232357Z,,2026-08-27T10:20:37.232357Z,,8192,8,6,peak,Peak,0.258887,scaled_eng,critical,2026-08-27T10:20:38.536978
f21a66ba-df6d-41b1-af1d-a0b637a39f2f,,CWP-001,Cooling Water Pump 1,Pump,Pune,Utilities,Cooling Water,Pump Casing,Horizontal,IEPE Accelerometer,5d0c6c8e-134b-48b0-9a06-881e36162735,manual,sample_vibration_data.csv,2026-08-27T10:20:37.232357Z,,2026-08-27T10:20:37.232357Z,,8192,8,6,rms,RMS,0.05102043,scaled_eng,critical,2026-08-27T10:20:38.536978
f21a66ba-df6d-41b1-af1d-a0b637a39f2f,,CWP-001,Cooling Water Pump 1,Pump,Pune,Utilities,Cooling Water,Pump Casing,Horizontal,IEPE Accelerometer,5d0c6c8e-134b-48b0-9a06-881e36162735,manual,sample_vibration_data.csv,2026-08-27T10:20:37.232357Z,,2026-08-27T10:20:37.232357Z,,8192,8,7,amplitude_1x,1X Amplitude,0.03915493,scaled_eng,normal,2026-08-27T10:20:38.536978
f21a66ba-df6d-41b1-af1d-a0b637a39f2f,,CWP-001,Cooling Water Pump 1,Pump,Pune,Utilities,Cooling Water,Pump Casing,Horizontal,IEPE Accelerometer,5d0c6c8e-134b-48b0-9a06-881e36162735,manual,sample_vibration_data.csv,2026-08-27T10:20:37.232357Z,,2026-08-27T10:20:37.232357Z,,8192,8,7,amplitude_2x,2X Amplitude,0.00397512,scaled_eng,normal,2026-08-27T10:20:38.536978
f21a66ba-df6d-41b1-af1d-a0b637a39f2f,,CWP-001,Cooling Water Pump 1,Pump,Pune,Utilities,Cooling Water,Pump Casing,Horizontal,IEPE Accelerometer,5d0c6c8e-134b-48b0-9a06-881e36162735,manual,sample_vibration_data.csv,2026-08-27T10:20:37.232357Z,,2026-08-27T10:20:37.232357Z,,8192,8,7,amplitude_3x,3X Amplitude,0.0076093,scaled_eng,normal,2026-08-27T10:20:38.536978
f21a66ba-df6d-41b1-af1d-a0b637a39f2f,,CWP-001,Cooling Water Pump 1,Pump,Pune,Utilities,Cooling Water,Pump Casing,Horizontal,IEPE Accelerometer,5d0c6c8e-134b-48b0-9a06-881e36162735,manual,sample_vibration_data.csv,2026-08-27T10:20:37.232357Z,,2026-08-27T10:20:37.232357Z,,8192,8,7,crest_factor,Crest Factor,3.85052219,dimensionless,warning,2026-08-27T10:20:38.536978
f21a66ba-df6d-41b1-af1d-a0b637a39f2f,,CWP-001,Cooling Water Pump 1,Pump,Pune,Utilities,Cooling Water,Pump Casing,Horizontal,IEPE Accelerometer,5d0c6c8e-134b-48b0-9a06-881e36162735,manual,sample_vibration_data.csv,2026-08-27T10:20:37.232357Z,,2026-08-27T10:20:37.232357Z,,8192,8,7,envelope_rms,Envelope RMS,0.54326117,scaled_eng,no_baseline,2026-08-27T10:20:38.536978
f21a66ba-df6d-41b1-af1d-a0b637a39f2f,,CWP-001,Cooling Water Pump 1,Pump,Pune,Utilities,Cooling Water,Pump Casing,Horizontal,IEPE Accelerometer,5d0c6c8e-134b-48b0-9a06-881e36162735,manual,sample_vibration_data.csv,2026-08-27T10:20:37.232357Z,,2026-08-27T10:20:37.232357Z,,8192,8,7,fft_band_energy_0_500,FFT Band Energy (0-500 Hz),0.09207055,scaled_eng_sq,no_baseline,2026-08-27T10:20:38.536978
f21a66ba-df6d-41b1-af1d-a0b637a39f2f,,CWP-001,Cooling Water Pump 1,Pump,Pune,Utilities,Cooling Water,Pump Casing,Horizontal,IEPE Accelerometer,5d0c6c8e-134b-48b0-9a06-881e36162735,manual,sample_vibration_data.csv,2026-08-27T10:20:37.232357Z,,2026-08-27T10:20:37.232357Z,,8192,8,7,kurtosis,Kurtosis,-0.03360548,dimensionless,normal,2026-08-27T10:20:38.536978
f21a66ba-df6d-41b1-af1d-a0b637a39f2f,,CWP-001,Cooling Water Pump 1,Pump,Pune,Utilities,Cooling Water,Pump Casing,Horizontal,IEPE Accelerometer,5d0c6c8e-134b-48b0-9a06-881e36162735,manual,sample_vibration_data.csv,2026-08-27T10:20:37.232357Z,,2026-08-27T10:20:37.232357Z,,8192,8,7,noise_floor,Noise Floor,-41.41622021,dB,critical,2026-08-27T10:20:38.536978
f21a66ba-df6d-41b1-af1d-a0b637a39f2f,,CWP-001,Cooling Water Pump 1,Pump,Pune,Utilities,Cooling Water,Pump Casing,Horizontal,IEPE Accelerometer,5d0c6c8e-134b-48b0-9a06-881e36162735,manual,sample_vibration_data.csv,2026-08-27T10:20:37.232357Z,,2026-08-27T10:20:37.232357Z,,8192,8,7,peak,Peak,1.479206,scaled_eng,critical,2026-08-27T10:20:38.536978
f21a66ba-df6d-41b1-af1d-a0b637a39f2f,,CWP-001,Cooling Water Pump 1,Pump,Pune,Utilities,Cooling Water,Pump Casing,Horizontal,IEPE Accelerometer,5d0c6c8e-134b-48b0-9a06-881e36162735,manual,sample_vibration_data.csv,2026-08-27T10:20:37.232357Z,,2026-08-27T10:20:37.232357Z,,8192,8,7,rms,RMS,0.38415725,scaled_eng,critical,2026-08-27T10:20:38.536978
f21a66ba-df6d-41b1-af1d-a0b637a39f2f,,CWP-001,Cooling Water Pump 1,Pump,Pune,Utilities,Cooling Water,Pump Casing,Horizontal,IEPE Accelerometer,c1930721-ebf3-4165-967b-a9ce2d0b88b7,manual,sample_vibration_data (1).csv,2026-09-02T06:49:08.121026Z,,2026-09-02T06:49:08.121026Z,,8192,8,0,amplitude_1x,1X Amplitude,0.04488572,scaled_eng,critical,2026-09-02T06:49:08.900550
f21a66ba-df6d-41b1-af1d-a0b637a39f2f,,CWP-001,Cooling Water Pump 1,Pump,Pune,Utilities,Cooling Water,Pump Casing,Horizontal,IEPE Accelerometer,c1930721-ebf3-4165-967b-a9ce2d0b88b7,manual,sample_vibration_data (1).csv,2026-09-02T06:49:08.121026Z,,2026-09-02T06:49:08.121026Z,,8192,8,0,amplitude_2x,2X Amplitude,0.01185733,scaled_eng,critical,2026-09-02T06:49:08.900550
f21a66ba-df6d-41b1-af1d-a0b637a39f2f,,CWP-001,Cooling Water Pump 1,Pump,Pune,Utilities,Cooling Water,Pump Casing,Horizontal,IEPE Accelerometer,c1930721-ebf3-4165-967b-a9ce2d0b88b7,manual,sample_vibration_data (1).csv,2026-09-02T06:49:08.121026Z,,2026-09-02T06:49:08.121026Z,,8192,8,0,amplitude_3x,3X Amplitude,0.00491302,scaled_eng,warning,2026-09-02T06:49:08.900550
f21a66ba-df6d-41b1-af1d-a0b637a39f2f,,CWP-001,Cooling Water Pump 1,Pump,Pune,Utilities,Cooling Water,Pump Casing,Horizontal,IEPE Accelerometer,c1930721-ebf3-4165-967b-a9ce2d0b88b7,manual,sample_vibration_data (1).csv,2026-09-02T06:49:08.121026Z,,2026-09-02T06:49:08.121026Z,,8192,8,0,crest_factor,Crest Factor,2.29151515,dimensionless,normal,2026-09-02T06:49:08.900550
f21a66ba-df6d-41b1-af1d-a0b637a39f2f,,CWP-001,Cooling Water Pump 1,Pump,Pune,Utilities,Cooling Water,Pump Casing,Horizontal,IEPE Accelerometer,c1930721-ebf3-4165-967b-a9ce2d0b88b7,manual,sample_vibration_data (1).csv,2026-09-02T06:49:08.121026Z,,2026-09-02T06:49:08.121026Z,,8192,8,0,envelope_rms,Envelope RMS,0.04934856,scaled_eng,no_baseline,2026-09-02T06:49:08.900550
f21a66ba-df6d-41b1-af1d-a0b637a39f2f,,CWP-001,Cooling Water Pump 1,Pump,Pune,Utilities,Cooling Water,Pump Casing,Horizontal,IEPE Accelerometer,c1930721-ebf3-4165-967b-a9ce2d0b88b7,manual,sample_vibration_data (1).csv,2026-09-02T06:49:08.121026Z,,2026-09-02T06:49:08.121026Z,,8192,8,0,fft_band_energy_0_500,FFT Band Energy (0-500 Hz),0.00339314,scaled_eng_sq,no_baseline,2026-09-02T06:49:08.900550
f21a66ba-df6d-41b1-af1d-a0b637a39f2f,,CWP-001,Cooling Water Pump 1,Pump,Pune,Utilities,Cooling Water,Pump Casing,Horizontal,IEPE Accelerometer,c1930721-ebf3-4165-967b-a9ce2d0b88b7,manual,sample_vibration_data (1).csv,2026-09-02T06:49:08.121026Z,,2026-09-02T06:49:08.121026Z,,8192,8,0,kurtosis,Kurtosis,-1.16021493,dimensionless,normal,2026-09-02T06:49:08.900550
f21a66ba-df6d-41b1-af1d-a0b637a39f2f,,CWP-001,Cooling Water Pump 1,Pump,Pune,Utilities,Cooling Water,Pump Casing,Horizontal,IEPE Accelerometer,c1930721-ebf3-4165-967b-a9ce2d0b88b7,manual,sample_vibration_data (1).csv,2026-09-02T06:49:08.121026Z,,2026-09-02T06:49:08.121026Z,,8192,8,0,noise_floor,Noise Floor,-71.2826022,dB,normal,2026-09-02T06:49:08.900550
f21a66ba-df6d-41b1-af1d-a0b637a39f2f,,CWP-001,Cooling Water Pump 1,Pump,Pune,Utilities,Cooling Water,Pump Casing,Horizontal,IEPE Accelerometer,c1930721-ebf3-4165-967b-a9ce2d0b88b7,manual,sample_vibration_data (1).csv,2026-09-02T06:49:08.121026Z,,2026-09-02T06:49:08.121026Z,,8192,8,0,peak,Peak,0.08,scaled_eng,warning,2026-09-02T06:49:08.900550
f21a66ba-df6d-41b1-af1d-a0b637a39f2f,,CWP-001,Cooling Water Pump 1,Pump,Pune,Utilities,Cooling Water,Pump Casing,Horizontal,IEPE Accelerometer,c1930721-ebf3-4165-967b-a9ce2d0b88b7,manual,sample_vibration_data (1).csv,2026-09-02T06:49:08.121026Z,,2026-09-02T06:49:08.121026Z,,8192,8,0,rms,RMS,0.0349114,scaled_eng,critical,2026-09-02T06:49:08.900550
f21a66ba-df6d-41b1-af1d-a0b637a39f2f,,CWP-001,Cooling Water Pump 1,Pump,Pune,Utilities,Cooling Water,Pump Casing,Horizontal,IEPE Accelerometer,c1930721-ebf3-4165-967b-a9ce2d0b88b7,manual,sample_vibration_data (1).csv,2026-09-02T06:49:08.121026Z,,2026-09-02T06:49:08.121026Z,,8192,8,1,amplitude_1x,1X Amplitude,0.02965913,scaled_eng,critical,2026-09-02T06:49:08.900550
f21a66ba-df6d-41b1-af1d-a0b637a39f2f,,CWP-001,Cooling Water Pump 1,Pump,Pune,Utilities,Cooling Water,Pump Casing,Horizontal,IEPE Accelerometer,c1930721-ebf3-4165-967b-a9ce2d0b88b7,manual,sample_vibration_data (1).csv,2026-09-02T06:49:08.121026Z,,2026-09-02T06:49:08.121026Z,,8192,8,1,amplitude_2x,2X Amplitude,0.00805613,scaled_eng,critical,2026-09-02T06:49:08.900550
f21a66ba-df6d-41b1-af1d-a0b637a39f2f,,CWP-001,Cooling Water Pump 1,Pump,Pune,Utilities,Cooling Water,Pump Casing,Horizontal,IEPE Accelerometer,c1930721-ebf3-4165-967b-a9ce2d0b88b7,manual,sample_vibration_data (1).csv,2026-09-02T06:49:08.121026Z,,2026-09-02T06:49:08.121026Z,,8192,8,1,amplitude_3x,3X Amplitude,0.00025199,scaled_eng,normal,2026-09-02T06:49:08.900550
f21a66ba-df6d-41b1-af1d-a0b637a39f2f,,CWP-001,Cooling Water Pump 1,Pump,Pune,Utilities,Cooling Water,Pump Casing,Horizontal,IEPE Accelerometer,c1930721-ebf3-4165-967b-a9ce2d0b88b7,manual,sample_vibration_data (1).csv,2026-09-02T06:49:08.121026Z,,2026-09-02T06:49:08.121026Z,,8192,8,1,crest_factor,Crest Factor,2.88854849,dimensionless,normal,2026-09-02T06:49:08.900550
f21a66ba-df6d-41b1-af1d-a0b637a39f2f,,CWP-001,Cooling Water Pump 1,Pump,Pune,Utilities,Cooling Water,Pump Casing,Horizontal,IEPE Accelerometer,c1930721-ebf3-4165-967b-a9ce2d0b88b7,manual,sample_vibration_data (1).csv,2026-09-02T06:49:08.121026Z,,2026-09-02T06:49:08.121026Z,,8192,8,1,envelope_rms,Envelope RMS,0.03397816,scaled_eng,no_baseline,2026-09-02T06:49:08.900550
f21a66ba-df6d-41b1-af1d-a0b637a39f2f,,CWP-001,Cooling Water Pump 1,Pump,Pune,Utilities,Cooling Water,Pump Casing,Horizontal,IEPE Accelerometer,c1930721-ebf3-4165-967b-a9ce2d0b88b7,manual,sample_vibration_data (1).csv,2026-09-02T06:49:08.121026Z,,2026-09-02T06:49:08.121026Z,,8192,8,1,fft_band_energy_0_500,FFT Band Energy (0-500 Hz),0.00148846,scaled_eng_sq,no_baseline,2026-09-02T06:49:08.900550
f21a66ba-df6d-41b1-af1d-a0b637a39f2f,,CWP-001,Cooling Water Pump 1,Pump,Pune,Utilities,Cooling Water,Pump Casing,Horizontal,IEPE Accelerometer,c1930721-ebf3-4165-967b-a9ce2d0b88b7,manual,sample_vibration_data (1).csv,2026-09-02T06:49:08.121026Z,,2026-09-02T06:49:08.121026Z,,8192,8,1,kurtosis,Kurtosis,-0.75106183,dimensionless,normal,2026-09-02T06:49:08.900550
f21a66ba-df6d-41b1-af1d-a0b637a39f2f,,CWP-001,Cooling Water Pump 1,Pump,Pune,Utilities,Cooling Water,Pump Casing,Horizontal,IEPE Accelerometer,c1930721-ebf3-4165-967b-a9ce2d0b88b7,manual,sample_vibration_data (1).csv,2026-09-02T06:49:08.121026Z,,2026-09-02T06:49:08.121026Z,,8192,8,1,noise_floor,Noise Floor,-72.45560057,dB,normal,2026-09-02T06:49:08.900550
f21a66ba-df6d-41b1-af1d-a0b637a39f2f,,CWP-001,Cooling Water Pump 1,Pump,Pune,Utilities,Cooling Water,Pump Casing,Horizontal,IEPE Accelerometer,c1930721-ebf3-4165-967b-a9ce2d0b88b7,manual,sample_vibration_data (1).csv,2026-09-02T06:49:08.121026Z,,2026-09-02T06:49:08.121026Z,,8192,8,1,peak,Peak,0.069426,scaled_eng,warning,2026-09-02T06:49:08.900550
f21a66ba-df6d-41b1-af1d-a0b637a39f2f,,CWP-001,Cooling Water Pump 1,Pump,Pune,Utilities,Cooling Water,Pump Casing,Horizontal,IEPE Accelerometer,c1930721-ebf3-4165-967b-a9ce2d0b88b7,manual,sample_vibration_data (1).csv,2026-09-02T06:49:08.121026Z,,2026-09-02T06:49:08.121026Z,,8192,8,1,rms,RMS,0.02403491,scaled_eng,critical,2026-09-02T06:49:08.900550
f21a66ba-df6d-41b1-af1d-a0b637a39f2f,,CWP-001,Cooling Water Pump 1,Pump,Pune,Utilities,Cooling Water,Pump Casing,Horizontal,IEPE Accelerometer,c1930721-ebf3-4165-967b-a9ce2d0b88b7,manual,sample_vibration_data (1).csv,2026-09-02T06:49:08.121026Z,,2026-09-02T06:49:08.121026Z,,8192,8,2,amplitude_1x,1X Amplitude,0.42007803,scaled_eng,critical,2026-09-02T06:49:08.900550
f21a66ba-df6d-41b1-af1d-a0b637a39f2f,,CWP-001,Cooling Water Pump 1,Pump,Pune,Utilities,Cooling Water,Pump Casing,Horizontal,IEPE Accelerometer,c1930721-ebf3-4165-967b-a9ce2d0b88b7,manual,sample_vibration_data (1).csv,2026-09-02T06:49:08.121026Z,,2026-09-02T06:49:08.121026Z,,8192,8,2,amplitude_2x,2X Amplitude,0.05012345,scaled_eng,warning,2026-09-02T06:49:08.900550
f21a66ba-df6d-41b1-af1d-a0b637a39f2f,,CWP-001,Cooling Water Pump 1,Pump,Pune,Utilities,Cooling Water,Pump Casing,Horizontal,IEPE Accelerometer,c1930721-ebf3-4165-967b-a9ce2d0b88b7,manual,sample_vibration_data (1).csv,2026-09-02T06:49:08.121026Z,,2026-09-02T06:49:08.121026Z,,8192,8,2,amplitude_3x,3X Amplitude,0.02006289,scaled_eng,warning,2026-09-02T06:49:08.900550
f21a66ba-df6d-41b1-af1d-a0b637a39f2f,,CWP-001,Cooling Water Pump 1,Pump,Pune,Utilities,Cooling Water,Pump Casing,Horizontal,IEPE Accelerometer,c1930721-ebf3-4165-967b-a9ce2d0b88b7,manual,sample_vibration_data (1).csv,2026-09-02T06:49:08.121026Z,,2026-09-02T06:49:08.121026Z,,8192,8,2,crest_factor,Crest Factor,1.65138368,dimensionless,normal,2026-09-02T06:49:08.900550
f21a66ba-df6d-41b1-af1d-a0b637a39f2f,,CWP-001,Cooling Water Pump 1,Pump,Pune,Utilities,Cooling Water,Pump Casing,Horizontal,IEPE Accelerometer,c1930721-ebf3-4165-967b-a9ce2d0b88b7,manual,sample_vibration_data (1).csv,2026-09-02T06:49:08.121026Z,,2026-09-02T06:49:08.121026Z,,8192,8,2,envelope_rms,Envelope RMS,0.42372655,scaled_eng,no_baseline,2026-09-02T06:49:08.900550
f21a66ba-df6d-41b1-af1d-a0b637a39f2f,,CWP-001,Cooling Water Pump 1,Pump,Pune,Utilities,Cooling Water,Pump Casing,Horizontal,IEPE Accelerometer,c1930721-ebf3-4165-967b-a9ce2d0b88b7,manual,sample_vibration_data (1).csv,2026-09-02T06:49:08.121026Z,,2026-09-02T06:49:08.121026Z,,8192,8,2,fft_band_energy_0_500,FFT Band Energy (0-500 Hz),0.26905098,scaled_eng_sq,no_baseline,2026-09-02T06:49:08.900550
f21a66ba-df6d-41b1-af1d-a0b637a39f2f,,CWP-001,Cooling Water Pump 1,Pump,Pune,Utilities,Cooling Water,Pump Casing,Horizontal,IEPE Accelerometer,c1930721-ebf3-4165-967b-a9ce2d0b88b7,manual,sample_vibration_data (1).csv,2026-09-02T06:49:08.121026Z,,2026-09-02T06:49:08.121026Z,,8192,8,2,kurtosis,Kurtosis,-1.43945141,dimensionless,normal,2026-09-02T06:49:08.900550
f21a66ba-df6d-41b1-af1d-a0b637a39f2f,,CWP-001,Cooling Water Pump 1,Pump,Pune,Utilities,Cooling Water,Pump Casing,Horizontal,IEPE Accelerometer,c1930721-ebf3-4165-967b-a9ce2d0b88b7,manual,sample_vibration_data (1).csv,2026-09-02T06:49:08.121026Z,,2026-09-02T06:49:08.121026Z,,8192,8,2,noise_floor,Noise Floor,-65.61354599,dB,normal,2026-09-02T06:49:08.900550
f21a66ba-df6d-41b1-af1d-a0b637a39f2f,,CWP-001,Cooling Water Pump 1,Pump,Pune,Utilities,Cooling Water,Pump Casing,Horizontal,IEPE Accelerometer,c1930721-ebf3-4165-967b-a9ce2d0b88b7,manual,sample_vibration_data (1).csv,2026-09-02T06:49:08.121026Z,,2026-09-02T06:49:08.121026Z,,8192,8,2,peak,Peak,0.494795,scaled_eng,critical,2026-09-02T06:49:08.900550
f21a66ba-df6d-41b1-af1d-a0b637a39f2f,,CWP-001,Cooling Water Pump 1,Pump,Pune,Utilities,Cooling Water,Pump Casing,Horizontal,IEPE Accelerometer,c1930721-ebf3-4165-967b-a9ce2d0b88b7,manual,sample_vibration_data (1).csv,2026-09-02T06:49:08.121026Z,,2026-09-02T06:49:08.121026Z,,8192,8,2,rms,RMS,0.2996245,scaled_eng,critical,2026-09-02T06:49:08.900550
f21a66ba-df6d-41b1-af1d-a0b637a39f2f,,CWP-001,Cooling Water Pump 1,Pump,Pune,Utilities,Cooling Water,Pump Casing,Horizontal,IEPE Accelerometer,c1930721-ebf3-4165-967b-a9ce2d0b88b7,manual,sample_vibration_data (1).csv,2026-09-02T06:49:08.121026Z,,2026-09-02T06:49:08.121026Z,,8192,8,3,amplitude_1x,1X Amplitude,0.55056391,scaled_eng,critical,2026-09-02T06:49:08.900550
f21a66ba-df6d-41b1-af1d-a0b637a39f2f,,CWP-001,Cooling Water Pump 1,Pump,Pune,Utilities,Cooling Water,Pump Casing,Horizontal,IEPE Accelerometer,c1930721-ebf3-4165-967b-a9ce2d0b88b7,manual,sample_vibration_data (1).csv,2026-09-02T06:49:08.121026Z,,2026-09-02T06:49:08.121026Z,,8192,8,3,amplitude_2x,2X Amplitude,0.03958953,scaled_eng,normal,2026-09-02T06:49:08.900550
f21a66ba-df6d-41b1-af1d-a0b637a39f2f,,CWP-001,Cooling Water Pump 1,Pump,Pune,Utilities,Cooling Water,Pump Casing,Horizontal,IEPE Accelerometer,c1930721-ebf3-4165-967b-a9ce2d0b88b7,manual,sample_vibration_data (1).csv,2026-09-02T06:49:08.121026Z,,2026-09-02T06:49:08.121026Z,,8192,8,3,amplitude_3x,3X Amplitude,0.00028449,scaled_eng,normal,2026-09-02T06:49:08.900550
f21a66ba-df6d-41b1-af1d-a0b637a39f2f,,CWP-001,Cooling Water Pump 1,Pump,Pune,Utilities,Cooling Water,Pump Casing,Horizontal,IEPE Accelerometer,c1930721-ebf3-4165-967b-a9ce2d0b88b7,manual,sample_vibration_data (1).csv,2026-09-02T06:49:08.121026Z,,2026-09-02T06:49:08.121026Z,,8192,8,3,crest_factor,Crest Factor,2.01172949,dimensionless,normal,2026-09-02T06:49:08.900550
f21a66ba-df6d-41b1-af1d-a0b637a39f2f,,CWP-001,Cooling Water Pump 1,Pump,Pune,Utilities,Cooling Water,Pump Casing,Horizontal,IEPE Accelerometer,c1930721-ebf3-4165-967b-a9ce2d0b88b7,manual,sample_vibration_data (1).csv,2026-09-02T06:49:08.121026Z,,2026-09-02T06:49:08.121026Z,,8192,8,3,envelope_rms,Envelope RMS,0.59974793,scaled_eng,no_baseline,2026-09-02T06:49:08.900550
f21a66ba-df6d-41b1-af1d-a0b637a39f2f,,CWP-001,Cooling Water Pump 1,Pump,Pune,Utilities,Cooling Water,Pump Casing,Horizontal,IEPE Accelerometer,c1930721-ebf3-4165-967b-a9ce2d0b88b7,manual,sample_vibration_data (1).csv,2026-09-02T06:49:08.121026Z,,2026-09-02T06:49:08.121026Z,,8192,8,3,fft_band_energy_0_500,FFT Band Energy (0-500 Hz),0.53937693,scaled_eng_sq,no_baseline,2026-09-02T06:49:08.900550
f21a66ba-df6d-41b1-af1d-a0b637a39f2f,,CWP-001,Cooling Water Pump 1,Pump,Pune,Utilities,Cooling Water,Pump Casing,Horizontal,IEPE Accelerometer,c1930721-ebf3-4165-967b-a9ce2d0b88b7,manual,sample_vibration_data (1).csv,2026-09-02T06:49:08.121026Z,,2026-09-02T06:49:08.121026Z,,8192,8,3,kurtosis,Kurtosis,-1.20569502,dimensionless,normal,2026-09-02T06:49:08.900550
f21a66ba-df6d-41b1-af1d-a0b637a39f2f,,CWP-001,Cooling Water Pump 1,Pump,Pune,Utilities,Cooling Water,Pump Casing,Horizontal,IEPE Accelerometer,c1930721-ebf3-4165-967b-a9ce2d0b88b7,manual,sample_vibration_data (1).csv,2026-09-02T06:49:08.121026Z,,2026-09-02T06:49:08.121026Z,,8192,8,3,noise_floor,Noise Floor,-61.77271579,dB,normal,2026-09-02T06:49:08.900550
f21a66ba-df6d-41b1-af1d-a0b637a39f2f,,CWP-001,Cooling Water Pump 1,Pump,Pune,Utilities,Cooling Water,Pump Casing,Horizontal,IEPE Accelerometer,c1930721-ebf3-4165-967b-a9ce2d0b88b7,manual,sample_vibration_data (1).csv,2026-09-02T06:49:08.121026Z,,2026-09-02T06:49:08.121026Z,,8192,8,3,peak,Peak,0.853154,scaled_eng,critical,2026-09-02T06:49:08.900550
f21a66ba-df6d-41b1-af1d-a0b637a39f2f,,CWP-001,Cooling Water Pump 1,Pump,Pune,Utilities,Cooling Water,Pump Casing,Horizontal,IEPE Accelerometer,c1930721-ebf3-4165-967b-a9ce2d0b88b7,manual,sample_vibration_data (1).csv,2026-09-02T06:49:08.121026Z,,2026-09-02T06:49:08.121026Z,,8192,8,3,rms,RMS,0.42408982,scaled_eng,critical,2026-09-02T06:49:08.900550
f21a66ba-df6d-41b1-af1d-a0b637a39f2f,,CWP-001,Cooling Water Pump 1,Pump,Pune,Utilities,Cooling Water,Pump Casing,Horizontal,IEPE Accelerometer,c1930721-ebf3-4165-967b-a9ce2d0b88b7,manual,sample_vibration_data (1).csv,2026-09-02T06:49:08.121026Z,,2026-09-02T06:49:08.121026Z,,8192,8,4,amplitude_1x,1X Amplitude,0.05874937,scaled_eng,warning,2026-09-02T06:49:08.900550
f21a66ba-df6d-41b1-af1d-a0b637a39f2f,,CWP-001,Cooling Water Pump 1,Pump,Pune,Utilities,Cooling Water,Pump Casing,Horizontal,IEPE Accelerometer,c1930721-ebf3-4165-967b-a9ce2d0b88b7,manual,sample_vibration_data (1).csv,2026-09-02T06:49:08.121026Z,,2026-09-02T06:49:08.121026Z,,8192,8,4,amplitude_2x,2X Amplitude,0.02452167,scaled_eng,warning,2026-09-02T06:49:08.900550
f21a66ba-df6d-41b1-af1d-a0b637a39f2f,,CWP-001,Cooling Water Pump 1,Pump,Pune,Utilities,Cooling Water,Pump Casing,Horizontal,IEPE Accelerometer,c1930721-ebf3-4165-967b-a9ce2d0b88b7,manual,sample_vibration_data (1).csv,2026-09-02T06:49:08.121026Z,,2026-09-02T06:49:08.121026Z,,8192,8,4,amplitude_3x,3X Amplitude,0.00031264,scaled_eng,normal,2026-09-02T06:49:08.900550
f21a66ba-df6d-41b1-af1d-a0b637a39f2f,,CWP-001,Cooling Water Pump 1,Pump,Pune,Utilities,Cooling Water,Pump Casing,Horizontal,IEPE Accelerometer,c1930721-ebf3-4165-967b-a9ce2d0b88b7,manual,sample_vibration_data (1).csv,2026-09-02T06:49:08.121026Z,,2026-09-02T06:49:08.121026Z,,8192,8,4,crest_factor,Crest Factor,5.93089109,dimensionless,critical,2026-09-02T06:49:08.900550
f21a66ba-df6d-41b1-af1d-a0b637a39f2f,,CWP-001,Cooling Water Pump 1,Pump,Pune,Utilities,Cooling Water,Pump Casing,Horizontal,IEPE Accelerometer,c1930721-ebf3-4165-967b-a9ce2d0b88b7,manual,sample_vibration_data (1).csv,2026-09-02T06:49:08.121026Z,,2026-09-02T06:49:08.121026Z,,8192,8,4,envelope_rms,Envelope RMS,0.28907629,scaled_eng,no_baseline,2026-09-02T06:49:08.900550
f21a66ba-df6d-41b1-af1d-a0b637a39f2f,,CWP-001,Cooling Water Pump 1,Pump,Pune,Utilities,Cooling Water,Pump Casing,Horizontal,IEPE Accelerometer,c1930721-ebf3-4165-967b-a9ce2d0b88b7,manual,sample_vibration_data (1).csv,2026-09-02T06:49:08.121026Z,,2026-09-02T06:49:08.121026Z,,8192,8,4,fft_band_energy_0_500,FFT Band Energy (0-500 Hz),0.0067375,scaled_eng_sq,no_baseline,2026-09-02T06:49:08.900550
f21a66ba-df6d-41b1-af1d-a0b637a39f2f,,CWP-001,Cooling Water Pump 1,Pump,Pune,Utilities,Cooling Water,Pump Casing,Horizontal,IEPE Accelerometer,c1930721-ebf3-4165-967b-a9ce2d0b88b7,manual,sample_vibration_data (1).csv,2026-09-02T06:49:08.121026Z,,2026-09-02T06:49:08.121026Z,,8192,8,4,kurtosis,Kurtosis,9.58422838,dimensionless,critical,2026-09-02T06:49:08.900550
f21a66ba-df6d-41b1-af1d-a0b637a39f2f,,CWP-001,Cooling Water Pump 1,Pump,Pune,Utilities,Cooling Water,Pump Casing,Horizontal,IEPE Accelerometer,c1930721-ebf3-4165-967b-a9ce2d0b88b7,manual,sample_vibration_data (1).csv,2026-09-02T06:49:08.121026Z,,2026-09-02T06:49:08.121026Z,,8192,8,4,noise_floor,Noise Floor,-51.48186277,dB,critical,2026-09-02T06:49:08.900550
f21a66ba-df6d-41b1-af1d-a0b637a39f2f,,CWP-001,Cooling Water Pump 1,Pump,Pune,Utilities,Cooling Water,Pump Casing,Horizontal,IEPE Accelerometer,c1930721-ebf3-4165-967b-a9ce2d0b88b7,manual,sample_vibration_data (1).csv,2026-09-02T06:49:08.121026Z,,2026-09-02T06:49:08.121026Z,,8192,8,4,peak,Peak,1.212514,scaled_eng,critical,2026-09-02T06:49:08.900550
f21a66ba-df6d-41b1-af1d-a0b637a39f2f,,CWP-001,Cooling Water Pump 1,Pump,Pune,Utilities,Cooling Water,Pump Casing,Horizontal,IEPE Accelerometer,c1930721-ebf3-4165-967b-a9ce2d0b88b7,manual,sample_vibration_data (1).csv,2026-09-02T06:49:08.121026Z,,2026-09-02T06:49:08.121026Z,,8192,8,4,rms,RMS,0.20444044,scaled_eng,critical,2026-09-02T06:49:08.900550
f21a66ba-df6d-41b1-af1d-a0b637a39f2f,,CWP-001,Cooling Water Pump 1,Pump,Pune,Utilities,Cooling Water,Pump Casing,Horizontal,IEPE Accelerometer,c1930721-ebf3-4165-967b-a9ce2d0b88b7,manual,sample_vibration_data (1).csv,2026-09-02T06:49:08.121026Z,,2026-09-02T06:49:08.121026Z,,8192,8,5,amplitude_1x,1X Amplitude,0.30075571,scaled_eng,critical,2026-09-02T06:49:08.900550
f21a66ba-df6d-41b1-af1d-a0b637a39f2f,,CWP-001,Cooling Water Pump 1,Pump,Pune,Utilities,Cooling Water,Pump Casing,Horizontal,IEPE Accelerometer,c1930721-ebf3-4165-967b-a9ce2d0b88b7,manual,sample_vibration_data (1).csv,2026-09-02T06:49:08.121026Z,,2026-09-02T06:49:08.121026Z,,8192,8,5,amplitude_2x,2X Amplitude,0.21961646,scaled_eng,critical,2026-09-02T06:49:08.900550
f21a66ba-df6d-41b1-af1d-a0b637a39f2f,,CWP-001,Cooling Water Pump 1,Pump,Pune,Utilities,Cooling Water,Pump Casing,Horizontal,IEPE Accelerometer,c1930721-ebf3-4165-967b-a9ce2d0b88b7,manual,sample_vibration_data (1).csv,2026-09-02T06:49:08.121026Z,,2026-09-02T06:49:08.121026Z,,8192,8,5,amplitude_3x,3X Amplitude,0.18028326,scaled_eng,critical,2026-09-02T06:49:08.900550
f21a66ba-df6d-41b1-af1d-a0b637a39f2f,,CWP-001,Cooling Water Pump 1,Pump,Pune,Utilities,Cooling Water,Pump Casing,Horizontal,IEPE Accelerometer,c1930721-ebf3-4165-967b-a9ce2d0b88b7,manual,sample_vibration_data (1).csv,2026-09-02T06:49:08.121026Z,,2026-09-02T06:49:08.121026Z,,8192,8,5,crest_factor,Crest Factor,2.86661786,dimensionless,normal,2026-09-02T06:49:08.900550
f21a66ba-df6d-41b1-af1d-a0b637a39f2f,,CWP-001,Cooling Water Pump 1,Pump,Pune,Utilities,Cooling Water,Pump Casing,Horizontal,IEPE Accelerometer,c1930721-ebf3-4165-967b-a9ce2d0b88b7,manual,sample_vibration_data (1).csv,2026-09-02T06:49:08.121026Z,,2026-09-02T06:49:08.121026Z,,8192,8,5,envelope_rms,Envelope RMS,0.46830712,scaled_eng,no_baseline,2026-09-02T06:49:08.900550
f21a66ba-df6d-41b1-af1d-a0b637a39f2f,,CWP-001,Cooling Water Pump 1,Pump,Pune,Utilities,Cooling Water,Pump Casing,Horizontal,IEPE Accelerometer,c1930721-ebf3-4165-967b-a9ce2d0b88b7,manual,sample_vibration_data (1).csv,2026-09-02T06:49:08.121026Z,,2026-09-02T06:49:08.121026Z,,8192,8,5,fft_band_energy_0_500,FFT Band Energy (0-500 Hz),0.3255508,scaled_eng_sq,no_baseline,2026-09-02T06:49:08.900550
f21a66ba-df6d-41b1-af1d-a0b637a39f2f,,CWP-001,Cooling Water Pump 1,Pump,Pune,Utilities,Cooling Water,Pump Casing,Horizontal,IEPE Accelerometer,c1930721-ebf3-4165-967b-a9ce2d0b88b7,manual,sample_vibration_data (1).csv,2026-09-02T06:49:08.121026Z,,2026-09-02T06:49:08.121026Z,,8192,8,5,kurtosis,Kurtosis,-0.02359987,dimensionless,normal,2026-09-02T06:49:08.900550
f21a66ba-df6d-41b1-af1d-a0b637a39f2f,,CWP-001,Cooling Water Pump 1,Pump,Pune,Utilities,Cooling Water,Pump Casing,Horizontal,IEPE Accelerometer,c1930721-ebf3-4165-967b-a9ce2d0b88b7,manual,sample_vibration_data (1).csv,2026-09-02T06:49:08.121026Z,,2026-09-02T06:49:08.121026Z,,8192,8,5,noise_floor,Noise Floor,-57.79082383,dB,warning,2026-09-02T06:49:08.900550
f21a66ba-df6d-41b1-af1d-a0b637a39f2f,,CWP-001,Cooling Water Pump 1,Pump,Pune,Utilities,Cooling Water,Pump Casing,Horizontal,IEPE Accelerometer,c1930721-ebf3-4165-967b-a9ce2d0b88b7,manual,sample_vibration_data (1).csv,2026-09-02T06:49:08.121026Z,,2026-09-02T06:49:08.121026Z,,8192,8,5,peak,Peak,0.949269,scaled_eng,critical,2026-09-02T06:49:08.900550
f21a66ba-df6d-41b1-af1d-a0b637a39f2f,,CWP-001,Cooling Water Pump 1,Pump,Pune,Utilities,Cooling Water,Pump Casing,Horizontal,IEPE Accelerometer,c1930721-ebf3-4165-967b-a9ce2d0b88b7,manual,sample_vibration_data (1).csv,2026-09-02T06:49:08.121026Z,,2026-09-02T06:49:08.121026Z,,8192,8,5,rms,RMS,0.33114599,scaled_eng,critical,2026-09-02T06:49:08.900550
f21a66ba-df6d-41b1-af1d-a0b637a39f2f,,CWP-001,Cooling Water Pump 1,Pump,Pune,Utilities,Cooling Water,Pump Casing,Horizontal,IEPE Accelerometer,c1930721-ebf3-4165-967b-a9ce2d0b88b7,manual,sample_vibration_data (1).csv,2026-09-02T06:49:08.121026Z,,2026-09-02T06:49:08.121026Z,,8192,8,6,amplitude_1x,1X Amplitude,0.04933484,scaled_eng,critical,2026-09-02T06:49:08.900550
f21a66ba-df6d-41b1-af1d-a0b637a39f2f,,CWP-001,Cooling Water Pump 1,Pump,Pune,Utilities,Cooling Water,Pump Casing,Horizontal,IEPE Accelerometer,c1930721-ebf3-4165-967b-a9ce2d0b88b7,manual,sample_vibration_data (1).csv,2026-09-02T06:49:08.121026Z,,2026-09-02T06:49:08.121026Z,,8192,8,6,amplitude_2x,2X Amplitude,0.01934578,scaled_eng,critical,2026-09-02T06:49:08.900550
f21a66ba-df6d-41b1-af1d-a0b637a39f2f,,CWP-001,Cooling Water Pump 1,Pump,Pune,Utilities,Cooling Water,Pump Casing,Horizontal,IEPE Accelerometer,c1930721-ebf3-4165-967b-a9ce2d0b88b7,manual,sample_vibration_data (1).csv,2026-09-02T06:49:08.121026Z,,2026-09-02T06:49:08.121026Z,,8192,8,6,amplitude_3x,3X Amplitude,0.00068803,scaled_eng,normal,2026-09-02T06:49:08.900550
f21a66ba-df6d-41b1-af1d-a0b637a39f2f,,CWP-001,Cooling Water Pump 1,Pump,Pune,Utilities,Cooling Water,Pump Casing,Horizontal,IEPE Accelerometer,c1930721-ebf3-4165-967b-a9ce2d0b88b7,manual,sample_vibration_data (1).csv,2026-09-02T06:49:08.121026Z,,2026-09-02T06:49:08.121026Z,,8192,8,6,crest_factor,Crest Factor,5.07418346,dimensionless,critical,2026-09-02T06:49:08.900550
f21a66ba-df6d-41b1-af1d-a0b637a39f2f,,CWP-001,Cooling Water Pump 1,Pump,Pune,Utilities,Cooling Water,Pump Casing,Horizontal,IEPE Accelerometer,c1930721-ebf3-4165-967b-a9ce2d0b88b7,manual,sample_vibration_data (1).csv,2026-09-02T06:49:08.121026Z,,2026-09-02T06:49:08.121026Z,,8192,8,6,envelope_rms,Envelope RMS,0.07213275,scaled_eng,no_baseline,2026-09-02T06:49:08.900550
f21a66ba-df6d-41b1-af1d-a0b637a39f2f,,CWP-001,Cooling Water Pump 1,Pump,Pune,Utilities,Cooling Water,Pump Casing,Horizontal,IEPE Accelerometer,c1930721-ebf3-4165-967b-a9ce2d0b88b7,manual,sample_vibration_data (1).csv,2026-09-02T06:49:08.121026Z,,2026-09-02T06:49:08.121026Z,,8192,8,6,fft_band_energy_0_500,FFT Band Energy (0-500 Hz),0.00426862,scaled_eng_sq,no_baseline,2026-09-02T06:49:08.900550
f21a66ba-df6d-41b1-af1d-a0b637a39f2f,,CWP-001,Cooling Water Pump 1,Pump,Pune,Utilities,Cooling Water,Pump Casing,Horizontal,IEPE Accelerometer,c1930721-ebf3-4165-967b-a9ce2d0b88b7,manual,sample_vibration_data (1).csv,2026-09-02T06:49:08.121026Z,,2026-09-02T06:49:08.121026Z,,8192,8,6,kurtosis,Kurtosis,1.25489368,dimensionless,normal,2026-09-02T06:49:08.900550
f21a66ba-df6d-41b1-af1d-a0b637a39f2f,,CWP-001,Cooling Water Pump 1,Pump,Pune,Utilities,Cooling Water,Pump Casing,Horizontal,IEPE Accelerometer,c1930721-ebf3-4165-967b-a9ce2d0b88b7,manual,sample_vibration_data (1).csv,2026-09-02T06:49:08.121026Z,,2026-09-02T06:49:08.121026Z,,8192,8,6,noise_floor,Noise Floor,-63.26953027,dB,normal,2026-09-02T06:49:08.900550
f21a66ba-df6d-41b1-af1d-a0b637a39f2f,,CWP-001,Cooling Water Pump 1,Pump,Pune,Utilities,Cooling Water,Pump Casing,Horizontal,IEPE Accelerometer,c1930721-ebf3-4165-967b-a9ce2d0b88b7,manual,sample_vibration_data (1).csv,2026-09-02T06:49:08.121026Z,,2026-09-02T06:49:08.121026Z,,8192,8,6,peak,Peak,0.258887,scaled_eng,critical,2026-09-02T06:49:08.900550
f21a66ba-df6d-41b1-af1d-a0b637a39f2f,,CWP-001,Cooling Water Pump 1,Pump,Pune,Utilities,Cooling Water,Pump Casing,Horizontal,IEPE Accelerometer,c1930721-ebf3-4165-967b-a9ce2d0b88b7,manual,sample_vibration_data (1).csv,2026-09-02T06:49:08.121026Z,,2026-09-02T06:49:08.121026Z,,8192,8,6,rms,RMS,0.05102043,scaled_eng,critical,2026-09-02T06:49:08.900550
f21a66ba-df6d-41b1-af1d-a0b637a39f2f,,CWP-001,Cooling Water Pump 1,Pump,Pune,Utilities,Cooling Water,Pump Casing,Horizontal,IEPE Accelerometer,c1930721-ebf3-4165-967b-a9ce2d0b88b7,manual,sample_vibration_data (1).csv,2026-09-02T06:49:08.121026Z,,2026-09-02T06:49:08.121026Z,,8192,8,7,amplitude_1x,1X Amplitude,0.03915493,scaled_eng,normal,2026-09-02T06:49:08.900550
f21a66ba-df6d-41b1-af1d-a0b637a39f2f,,CWP-001,Cooling Water Pump 1,Pump,Pune,Utilities,Cooling Water,Pump Casing,Horizontal,IEPE Accelerometer,c1930721-ebf3-4165-967b-a9ce2d0b88b7,manual,sample_vibration_data (1).csv,2026-09-02T06:49:08.121026Z,,2026-09-02T06:49:08.121026Z,,8192,8,7,amplitude_2x,2X Amplitude,0.00397512,scaled_eng,normal,2026-09-02T06:49:08.900550
f21a66ba-df6d-41b1-af1d-a0b637a39f2f,,CWP-001,Cooling Water Pump 1,Pump,Pune,Utilities,Cooling Water,Pump Casing,Horizontal,IEPE Accelerometer,c1930721-ebf3-4165-967b-a9ce2d0b88b7,manual,sample_vibration_data (1).csv,2026-09-02T06:49:08.121026Z,,2026-09-02T06:49:08.121026Z,,8192,8,7,amplitude_3x,3X Amplitude,0.0076093,scaled_eng,normal,2026-09-02T06:49:08.900550
f21a66ba-df6d-41b1-af1d-a0b637a39f2f,,CWP-001,Cooling Water Pump 1,Pump,Pune,Utilities,Cooling Water,Pump Casing,Horizontal,IEPE Accelerometer,c1930721-ebf3-4165-967b-a9ce2d0b88b7,manual,sample_vibration_data (1).csv,2026-09-02T06:49:08.121026Z,,2026-09-02T06:49:08.121026Z,,8192,8,7,crest_factor,Crest Factor,3.85052219,dimensionless,warning,2026-09-02T06:49:08.900550
f21a66ba-df6d-41b1-af1d-a0b637a39f2f,,CWP-001,Cooling Water Pump 1,Pump,Pune,Utilities,Cooling Water,Pump Casing,Horizontal,IEPE Accelerometer,c1930721-ebf3-4165-967b-a9ce2d0b88b7,manual,sample_vibration_data (1).csv,2026-09-02T06:49:08.121026Z,,2026-09-02T06:49:08.121026Z,,8192,8,7,envelope_rms,Envelope RMS,0.54326117,scaled_eng,no_baseline,2026-09-02T06:49:08.900550
f21a66ba-df6d-41b1-af1d-a0b637a39f2f,,CWP-001,Cooling Water Pump 1,Pump,Pune,Utilities,Cooling Water,Pump Casing,Horizontal,IEPE Accelerometer,c1930721-ebf3-4165-967b-a9ce2d0b88b7,manual,sample_vibration_data (1).csv,2026-09-02T06:49:08.121026Z,,2026-09-02T06:49:08.121026Z,,8192,8,7,fft_band_energy_0_500,FFT Band Energy (0-500 Hz),0.09207055,scaled_eng_sq,no_baseline,2026-09-02T06:49:08.900550
f21a66ba-df6d-41b1-af1d-a0b637a39f2f,,CWP-001,Cooling Water Pump 1,Pump,Pune,Utilities,Cooling Water,Pump Casing,Horizontal,IEPE Accelerometer,c1930721-ebf3-4165-967b-a9ce2d0b88b7,manual,sample_vibration_data (1).csv,2026-09-02T06:49:08.121026Z,,2026-09-02T06:49:08.121026Z,,8192,8,7,kurtosis,Kurtosis,-0.03360548,dimensionless,normal,2026-09-02T06:49:08.900550
f21a66ba-df6d-41b1-af1d-a0b637a39f2f,,CWP-001,Cooling Water Pump 1,Pump,Pune,Utilities,Cooling Water,Pump Casing,Horizontal,IEPE Accelerometer,c1930721-ebf3-4165-967b-a9ce2d0b88b7,manual,sample_vibration_data (1).csv,2026-09-02T06:49:08.121026Z,,2026-09-02T06:49:08.121026Z,,8192,8,7,noise_floor,Noise Floor,-41.41622021,dB,critical,2026-09-02T06:49:08.900550
f21a66ba-df6d-41b1-af1d-a0b637a39f2f,,CWP-001,Cooling Water Pump 1,Pump,Pune,Utilities,Cooling Water,Pump Casing,Horizontal,IEPE Accelerometer,c1930721-ebf3-4165-967b-a9ce2d0b88b7,manual,sample_vibration_data (1).csv,2026-09-02T06:49:08.121026Z,,2026-09-02T06:49:08.121026Z,,8192,8,7,peak,Peak,1.479206,scaled_eng,critical,2026-09-02T06:49:08.900550
f21a66ba-df6d-41b1-af1d-a0b637a39f2f,,CWP-001,Cooling Water Pump 1,Pump,Pune,Utilities,Cooling Water,Pump Casing,Horizontal,IEPE Accelerometer,c1930721-ebf3-4165-967b-a9ce2d0b88b7,manual,sample_vibration_data (1).csv,2026-09-02T06:49:08.121026Z,,2026-09-02T06:49:08.121026Z,,8192,8,7,rms,RMS,0.38415725,scaled_eng,critical,2026-09-02T06:49:08.900550
